INFO:     Started server process [28392]
INFO:     Waiting for application startup.
cloud fetch status=pending failed: WECHAT_CLOUD_API_BASE is not configured
cloud fetch status=approved failed: WECHAT_CLOUD_API_BASE is not configured
cloud fetch status=partial_allocated failed: WECHAT_CLOUD_API_BASE is not configured
cloud fetch status=contracted failed: WECHAT_CLOUD_API_BASE is not configured
cloud fetch status=allocated failed: WECHAT_CLOUD_API_BASE is not configured
cloud fetch status=completed failed: WECHAT_CLOUD_API_BASE is not configured
cloud fetch status=rejected failed: WECHAT_CLOUD_API_BASE is not configured
cloud fetch status=cancelled failed: WECHAT_CLOUD_API_BASE is not configured
INFO:     Application startup complete.
INFO:     Uvicorn running on http://0.0.0.0:8000 (Press CTRL+C to quit)
cloud sync event failed: v8-outbox-wechat_batch_summary_sync-c56fd797818449ee963c13ef63dd9e44 WECHAT_CLOUD_API_BASE is not configured
cloud sync event failed: v8-outbox-wechat_batch_summary_sync-9ef948fa045f40acbf0e4912b6b23aff WECHAT_CLOUD_API_BASE is not configured
cloud sync event failed: v8-outbox-wechat_batch_summary_sync-6c496a95305249179993bb63dbfdd031 WECHAT_CLOUD_API_BASE is not configured
cloud sync event failed: v8-outbox-wechat_batch_summary_sync-3d62021a6b4e4c428b2bcfb4a83f2dbd WECHAT_CLOUD_API_BASE is not configured
cloud sync event failed: v8-outbox-wechat_batch_summary_sync-e75ae53d1a4b46f781eae8f34fc19950 WECHAT_CLOUD_API_BASE is not configured
cloud sync event failed: v8-outbox-wechat_batch_summary_sync-42c877078ffa44c688d2db8d0d3b9a99 WECHAT_CLOUD_API_BASE is not configured
cloud sync event failed: v8-outbox-wechat_batch_summary_sync-60fb241901b14a17be225de8182b88bf WECHAT_CLOUD_API_BASE is not configured
cloud sync event failed: v8-outbox-wechat_batch_summary_sync-154b774b13e54551b41a573d60c04812 WECHAT_CLOUD_API_BASE is not configured
cloud sync event failed: v8-outbox-wechat_batch_summary_sync-5a42293a26094d7397718b2e72e7b3c9 WECHAT_CLOUD_API_BASE is not configured
cloud sync event failed: v8-outbox-wechat_batch_summary_sync-54f7f6be01d5497a8156afb0a56d7dee WECHAT_CLOUD_API_BASE is not configured
cloud sync event failed: v8-outbox-wechat_batch_summary_sync-336f6de3d0ef4c5b8db4910999445ffa WECHAT_CLOUD_API_BASE is not configured
cloud sync event failed: v8-outbox-wechat_batch_summary_sync-2ca79fcfa37849ddaeafd235ab7d34c8 WECHAT_CLOUD_API_BASE is not configured
cloud sync event failed: v8-outbox-wechat_batch_summary_sync-8bd7cdd42f534cb0b85d151f04775148 WECHAT_CLOUD_API_BASE is not configured
cloud sync event failed: v8-outbox-wechat_batch_summary_sync-3a763602b8b0483590ac9c323b823e35 WECHAT_CLOUD_API_BASE is not configured
cloud sync event failed: v8-outbox-wechat_batch_summary_sync-07cf1aff761a45d5a16627c2d09b04c3 WECHAT_CLOUD_API_BASE is not configured
cloud sync event failed: v8-outbox-wechat_batch_summary_sync-edd9264512954288a9f44573c76d2ea3 WECHAT_CLOUD_API_BASE is not configured
cloud sync event failed: v8-outbox-wechat_batch_summary_sync-c8dce93a664f4e0e9604c483a631d2de WECHAT_CLOUD_API_BASE is not configured
cloud sync event failed: v8-outbox-wechat_batch_summary_sync-0337518b49ff4cc6bde1f3c76c746bd2 WECHAT_CLOUD_API_BASE is not configured
cloud fetch status=pending failed: WECHAT_CLOUD_API_BASE is not configured
cloud fetch status=approved failed: WECHAT_CLOUD_API_BASE is not configured
cloud fetch status=partial_allocated failed: WECHAT_CLOUD_API_BASE is not configured
cloud fetch status=contracted failed: WECHAT_CLOUD_API_BASE is not configured
cloud fetch status=allocated failed: WECHAT_CLOUD_API_BASE is not configured
cloud fetch status=completed failed: WECHAT_CLOUD_API_BASE is not configured
cloud fetch status=rejected failed: WECHAT_CLOUD_API_BASE is not configured
cloud fetch status=cancelled failed: WECHAT_CLOUD_API_BASE is not configured
cloud fetch status=pending failed: WECHAT_CLOUD_API_BASE is not configured
cloud fetch status=approved failed: WECHAT_CLOUD_API_BASE is not configured
cloud fetch status=partial_allocated failed: WECHAT_CLOUD_API_BASE is not configured
cloud fetch status=contracted failed: WECHAT_CLOUD_API_BASE is not configured
cloud fetch status=completed failed: WECHAT_CLOUD_API_BASE is not configured
cloud fetch status=allocated failed: WECHAT_CLOUD_API_BASE is not configured
cloud fetch status=rejected failed: WECHAT_CLOUD_API_BASE is not configured
cloud fetch status=cancelled failed: WECHAT_CLOUD_API_BASE is not configured
cloud fetch status=pending failed: WECHAT_CLOUD_API_BASE is not configured
cloud fetch status=approved failed: WECHAT_CLOUD_API_BASE is not configured
cloud fetch status=contracted failed: WECHAT_CLOUD_API_BASE is not configured
cloud fetch status=partial_allocated failed: WECHAT_CLOUD_API_BASE is not configured
cloud fetch status=allocated failed: WECHAT_CLOUD_API_BASE is not configured
cloud fetch status=completed failed: WECHAT_CLOUD_API_BASE is not configured
cloud fetch status=rejected failed: WECHAT_CLOUD_API_BASE is not configured
cloud fetch status=cancelled failed: WECHAT_CLOUD_API_BASE is not configured
cloud fetch status=pending failed: WECHAT_CLOUD_API_BASE is not configured
cloud fetch status=approved failed: WECHAT_CLOUD_API_BASE is not configured
cloud fetch status=contracted failed: WECHAT_CLOUD_API_BASE is not configured
cloud fetch status=partial_allocated failed: WECHAT_CLOUD_API_BASE is not configured
cloud fetch status=allocated failed: WECHAT_CLOUD_API_BASE is not configured
cloud fetch status=completed failed: WECHAT_CLOUD_API_BASE is not configured
cloud fetch status=rejected failed: WECHAT_CLOUD_API_BASE is not configured
cloud fetch status=cancelled failed: WECHAT_CLOUD_API_BASE is not configured
cloud fetch status=pending failed: WECHAT_CLOUD_API_BASE is not configured
cloud fetch status=approved failed: WECHAT_CLOUD_API_BASE is not configured
cloud fetch status=partial_allocated failed: WECHAT_CLOUD_API_BASE is not configured
cloud fetch status=contracted failed: WECHAT_CLOUD_API_BASE is not configured
cloud fetch status=allocated failed: WECHAT_CLOUD_API_BASE is not configured
cloud fetch status=completed failed: WECHAT_CLOUD_API_BASE is not configured
cloud fetch status=cancelled failed: WECHAT_CLOUD_API_BASE is not configured
cloud fetch status=rejected failed: WECHAT_CLOUD_API_BASE is not configured
INFO:     ('127.0.0.1', 56236) - "WebSocket /api/v1/ws?token=eyJhbGciOiJIUzI1NiIsInR5cCI6IkpXVCJ9.eyJleHAiOjE3OTI3MzgxMjAsInN1YiI6ImFkbWluIiwibmFtZSI6Ilx1N2NmYlx1N2VkZlx1N2JhMVx1NzQwNlx1NTQ1OCIsInJvbGUiOiJBZG1pbiJ9.LEuw6bTEYiHfiUP07na6EWPeTFg7dvg98ZnH9V4ADz0" [accepted]
INFO:     connection open
INFO:     connection closed
INFO:     ('127.0.0.1', 65424) - "WebSocket /api/v1/ws?token=eyJhbGciOiJIUzI1NiIsInR5cCI6IkpXVCJ9.eyJleHAiOjE3OTI3MzgxMjAsInN1YiI6ImFkbWluIiwibmFtZSI6Ilx1N2NmYlx1N2VkZlx1N2JhMVx1NzQwNlx1NTQ1OCIsInJvbGUiOiJBZG1pbiJ9.LEuw6bTEYiHfiUP07na6EWPeTFg7dvg98ZnH9V4ADz0" [accepted]
INFO:     connection open
cloud fetch status=pending failed: WECHAT_CLOUD_API_BASE is not configured
cloud fetch status=contracted failed: WECHAT_CLOUD_API_BASE is not configured
cloud fetch status=approved failed: WECHAT_CLOUD_API_BASE is not configured
cloud fetch status=partial_allocated failed: WECHAT_CLOUD_API_BASE is not configured
cloud fetch status=allocated failed: WECHAT_CLOUD_API_BASE is not configured
cloud fetch status=completed failed: WECHAT_CLOUD_API_BASE is not configured
cloud fetch status=rejected failed: WECHAT_CLOUD_API_BASE is not configured
cloud fetch status=cancelled failed: WECHAT_CLOUD_API_BASE is not configured
cloud fetch status=pending failed: WECHAT_CLOUD_API_BASE is not configured
cloud fetch status=approved failed: WECHAT_CLOUD_API_BASE is not configured
cloud fetch status=contracted failed: WECHAT_CLOUD_API_BASE is not configured
cloud fetch status=partial_allocated failed: WECHAT_CLOUD_API_BASE is not configured
cloud fetch status=allocated failed: WECHAT_CLOUD_API_BASE is not configured
cloud fetch status=rejected failed: WECHAT_CLOUD_API_BASE is not configured
cloud fetch status=completed failed: WECHAT_CLOUD_API_BASE is not configured
cloud fetch status=cancelled failed: WECHAT_CLOUD_API_BASE is not configured
INFO:     ('127.0.0.1', 57071) - "WebSocket /api/v1/ws?token=eyJhbGciOiJIUzI1NiIsInR5cCI6IkpXVCJ9.eyJleHAiOjE3OTI3MzgyMjgsInN1YiI6ImFkbWluIiwibmFtZSI6Ilx1N2NmYlx1N2VkZlx1N2JhMVx1NzQwNlx1NTQ1OCIsInJvbGUiOiJBZG1pbiJ9.OgUxVPKlWT3YjDKmsoSwQRv1Q1RHXCljZgqzQHXdToA" [accepted]
INFO:     connection open
INFO:     connection closed
INFO:     connection closed
INFO:     ('127.0.0.1', 57081) - "WebSocket /api/v1/ws?token=eyJhbGciOiJIUzI1NiIsInR5cCI6IkpXVCJ9.eyJleHAiOjE3OTI3MzgyMjgsInN1YiI6ImFkbWluIiwibmFtZSI6Ilx1N2NmYlx1N2VkZlx1N2JhMVx1NzQwNlx1NTQ1OCIsInJvbGUiOiJBZG1pbiJ9.OgUxVPKlWT3YjDKmsoSwQRv1Q1RHXCljZgqzQHXdToA" [accepted]
INFO:     connection open
INFO:     ('127.0.0.1', 57085) - "WebSocket /api/v1/ws?token=eyJhbGciOiJIUzI1NiIsInR5cCI6IkpXVCJ9.eyJleHAiOjE3OTI3MzgxMjAsInN1YiI6ImFkbWluIiwibmFtZSI6Ilx1N2NmYlx1N2VkZlx1N2JhMVx1NzQwNlx1NTQ1OCIsInJvbGUiOiJBZG1pbiJ9.LEuw6bTEYiHfiUP07na6EWPeTFg7dvg98ZnH9V4ADz0" [accepted]
INFO:     connection open
cloud fetch status=pending failed: WECHAT_CLOUD_API_BASE is not configured
cloud fetch status=contracted failed: WECHAT_CLOUD_API_BASE is not configured
cloud fetch status=approved failed: WECHAT_CLOUD_API_BASE is not configured
cloud fetch status=partial_allocated failed: WECHAT_CLOUD_API_BASE is not configured
cloud fetch status=completed failed: WECHAT_CLOUD_API_BASE is not configured
cloud fetch status=allocated failed: WECHAT_CLOUD_API_BASE is not configured
cloud fetch status=rejected failed: WECHAT_CLOUD_API_BASE is not configured
cloud fetch status=cancelled failed: WECHAT_CLOUD_API_BASE is not configured
INFO:     ('127.0.0.1', 61920) - "WebSocket /api/v1/ws?token=eyJhbGciOiJIUzI1NiIsInR5cCI6IkpXVCJ9.eyJleHAiOjE3OTI1ODI0ODEsInN1YiI6ImFkbWluIiwibmFtZSI6Ilx1N2NmYlx1N2VkZlx1N2JhMVx1NzQwNlx1NTQ1OCIsInJvbGUiOiJBZG1pbiJ9.QX4y2OG-jACZs9aZVprtnAjBBrVB0CZ4zFVXRk8SJKg" [accepted]
INFO:     connection open
INFO:     ('127.0.0.1', 49683) - "WebSocket /api/v1/sandbox/ws?token=eyJhbGciOiJIUzI1NiIsInR5cCI6IkpXVCJ9.eyJleHAiOjE3OTI1ODI0ODEsInN1YiI6ImFkbWluIiwibmFtZSI6Ilx1N2NmYlx1N2VkZlx1N2JhMVx1NzQwNlx1NTQ1OCIsInJvbGUiOiJBZG1pbiJ9.QX4y2OG-jACZs9aZVprtnAjBBrVB0CZ4zFVXRk8SJKg" [accepted]
INFO:     connection open
INFO:     connection closed
INFO:     connection closed
INFO:     connection closed
INFO:     connection closed
INFO:     ('127.0.0.1', 60317) - "WebSocket /api/v1/ws?token=eyJhbGciOiJIUzI1NiIsInR5cCI6IkpXVCJ9.eyJleHAiOjE3OTI1ODI0ODEsInN1YiI6ImFkbWluIiwibmFtZSI6Ilx1N2NmYlx1N2VkZlx1N2JhMVx1NzQwNlx1NTQ1OCIsInJvbGUiOiJBZG1pbiJ9.QX4y2OG-jACZs9aZVprtnAjBBrVB0CZ4zFVXRk8SJKg" [accepted]
INFO:     connection open
INFO:     ('127.0.0.1', 49770) - "WebSocket /api/v1/ws?token=eyJhbGciOiJIUzI1NiIsInR5cCI6IkpXVCJ9.eyJleHAiOjE3OTI3MzgxMjAsInN1YiI6ImFkbWluIiwibmFtZSI6Ilx1N2NmYlx1N2VkZlx1N2JhMVx1NzQwNlx1NTQ1OCIsInJvbGUiOiJBZG1pbiJ9.LEuw6bTEYiHfiUP07na6EWPeTFg7dvg98ZnH9V4ADz0" [accepted]
INFO:     connection open
INFO:     ('127.0.0.1', 49773) - "WebSocket /api/v1/ws?token=eyJhbGciOiJIUzI1NiIsInR5cCI6IkpXVCJ9.eyJleHAiOjE3OTI3MzgyMjgsInN1YiI6ImFkbWluIiwibmFtZSI6Ilx1N2NmYlx1N2VkZlx1N2JhMVx1NzQwNlx1NTQ1OCIsInJvbGUiOiJBZG1pbiJ9.OgUxVPKlWT3YjDKmsoSwQRv1Q1RHXCljZgqzQHXdToA" [accepted]
INFO:     connection open
INFO:     ('127.0.0.1', 49797) - "WebSocket /api/v1/sandbox/ws?token=eyJhbGciOiJIUzI1NiIsInR5cCI6IkpXVCJ9.eyJleHAiOjE3OTI3MzgxMjAsInN1YiI6ImFkbWluIiwibmFtZSI6Ilx1N2NmYlx1N2VkZlx1N2JhMVx1NzQwNlx1NTQ1OCIsInJvbGUiOiJBZG1pbiJ9.LEuw6bTEYiHfiUP07na6EWPeTFg7dvg98ZnH9V4ADz0" [accepted]
INFO:     connection open
cloud fetch status=pending failed: WECHAT_CLOUD_API_BASE is not configured
cloud fetch status=contracted failed: WECHAT_CLOUD_API_BASE is not configured
cloud fetch status=approved failed: WECHAT_CLOUD_API_BASE is not configured
cloud fetch status=partial_allocated failed: WECHAT_CLOUD_API_BASE is not configured
cloud fetch status=completed failed: WECHAT_CLOUD_API_BASE is not configured
cloud fetch status=allocated failed: WECHAT_CLOUD_API_BASE is not configured
cloud fetch status=rejected failed: WECHAT_CLOUD_API_BASE is not configured
cloud fetch status=cancelled failed: WECHAT_CLOUD_API_BASE is not configured
INFO:     ('127.0.0.1', 61846) - "WebSocket /api/v1/sandbox/ws?token=eyJhbGciOiJIUzI1NiIsInR5cCI6IkpXVCJ9.eyJleHAiOjE3OTI1ODI0ODEsInN1YiI6ImFkbWluIiwibmFtZSI6Ilx1N2NmYlx1N2VkZlx1N2JhMVx1NzQwNlx1NTQ1OCIsInJvbGUiOiJBZG1pbiJ9.QX4y2OG-jACZs9aZVprtnAjBBrVB0CZ4zFVXRk8SJKg" [accepted]
INFO:     connection open
INFO:     connection closed
INFO:     ('127.0.0.1', 56804) - "WebSocket /api/v1/sandbox/ws?token=eyJhbGciOiJIUzI1NiIsInR5cCI6IkpXVCJ9.eyJleHAiOjE3OTI1ODI0ODEsInN1YiI6ImFkbWluIiwibmFtZSI6Ilx1N2NmYlx1N2VkZlx1N2JhMVx1NzQwNlx1NTQ1OCIsInJvbGUiOiJBZG1pbiJ9.QX4y2OG-jACZs9aZVprtnAjBBrVB0CZ4zFVXRk8SJKg" [accepted]
INFO:     connection open
INFO:     connection closed
INFO:     connection closed
INFO:     connection closed
INFO:     connection closed
INFO:     connection closed
INFO:     ('127.0.0.1', 61209) - "WebSocket /api/v1/ws?token=eyJhbGciOiJIUzI1NiIsInR5cCI6IkpXVCJ9.eyJleHAiOjE3OTI1ODI0ODEsInN1YiI6ImFkbWluIiwibmFtZSI6Ilx1N2NmYlx1N2VkZlx1N2JhMVx1NzQwNlx1NTQ1OCIsInJvbGUiOiJBZG1pbiJ9.QX4y2OG-jACZs9aZVprtnAjBBrVB0CZ4zFVXRk8SJKg" [accepted]
INFO:     connection open
INFO:     ('127.0.0.1', 56691) - "WebSocket /api/v1/ws?token=eyJhbGciOiJIUzI1NiIsInR5cCI6IkpXVCJ9.eyJleHAiOjE3OTI3MzgxMjAsInN1YiI6ImFkbWluIiwibmFtZSI6Ilx1N2NmYlx1N2VkZlx1N2JhMVx1NzQwNlx1NTQ1OCIsInJvbGUiOiJBZG1pbiJ9.LEuw6bTEYiHfiUP07na6EWPeTFg7dvg98ZnH9V4ADz0" [accepted]
INFO:     connection open
INFO:     ('127.0.0.1', 56695) - "WebSocket /api/v1/ws?token=eyJhbGciOiJIUzI1NiIsInR5cCI6IkpXVCJ9.eyJleHAiOjE3OTI3MzgyMjgsInN1YiI6ImFkbWluIiwibmFtZSI6Ilx1N2NmYlx1N2VkZlx1N2JhMVx1NzQwNlx1NTQ1OCIsInJvbGUiOiJBZG1pbiJ9.OgUxVPKlWT3YjDKmsoSwQRv1Q1RHXCljZgqzQHXdToA" [accepted]
INFO:     connection open
INFO:     ('127.0.0.1', 51826) - "WebSocket /api/v1/sandbox/ws?token=eyJhbGciOiJIUzI1NiIsInR5cCI6IkpXVCJ9.eyJleHAiOjE3OTI1ODI0ODEsInN1YiI6ImFkbWluIiwibmFtZSI6Ilx1N2NmYlx1N2VkZlx1N2JhMVx1NzQwNlx1NTQ1OCIsInJvbGUiOiJBZG1pbiJ9.QX4y2OG-jACZs9aZVprtnAjBBrVB0CZ4zFVXRk8SJKg" [accepted]
INFO:     connection open
INFO:     ('127.0.0.1', 51839) - "WebSocket /api/v1/sandbox/ws?token=eyJhbGciOiJIUzI1NiIsInR5cCI6IkpXVCJ9.eyJleHAiOjE3OTI3MzgxMjAsInN1YiI6ImFkbWluIiwibmFtZSI6Ilx1N2NmYlx1N2VkZlx1N2JhMVx1NzQwNlx1NTQ1OCIsInJvbGUiOiJBZG1pbiJ9.LEuw6bTEYiHfiUP07na6EWPeTFg7dvg98ZnH9V4ADz0" [accepted]
INFO:     connection open
INFO:     connection closed
INFO:     connection closed
INFO:     connection closed
INFO:     ('127.0.0.1', 64220) - "WebSocket /api/v1/ws?token=eyJhbGciOiJIUzI1NiIsInR5cCI6IkpXVCJ9.eyJleHAiOjE3OTI3MzgyMjgsInN1YiI6ImFkbWluIiwibmFtZSI6Ilx1N2NmYlx1N2VkZlx1N2JhMVx1NzQwNlx1NTQ1OCIsInJvbGUiOiJBZG1pbiJ9.OgUxVPKlWT3YjDKmsoSwQRv1Q1RHXCljZgqzQHXdToA" [accepted]
INFO:     connection open
cloud fetch status=pending failed: WECHAT_CLOUD_API_BASE is not configured
cloud fetch status=approved failed: WECHAT_CLOUD_API_BASE is not configured
cloud fetch status=contracted failed: WECHAT_CLOUD_API_BASE is not configured
cloud fetch status=partial_allocated failed: WECHAT_CLOUD_API_BASE is not configured
cloud fetch status=allocated failed: WECHAT_CLOUD_API_BASE is not configured
cloud fetch status=completed failed: WECHAT_CLOUD_API_BASE is not configured
cloud fetch status=cancelled failed: WECHAT_CLOUD_API_BASE is not configured
cloud fetch status=rejected failed: WECHAT_CLOUD_API_BASE is not configured
cloud sync event failed: v8-outbox-wechat_batch_summary_sync-c56fd797818449ee963c13ef63dd9e44 WECHAT_CLOUD_API_BASE is not configured
cloud sync event failed: v8-outbox-wechat_batch_summary_sync-9ef948fa045f40acbf0e4912b6b23aff WECHAT_CLOUD_API_BASE is not configured
cloud sync event failed: v8-outbox-wechat_batch_summary_sync-6c496a95305249179993bb63dbfdd031 WECHAT_CLOUD_API_BASE is not configured
cloud sync event failed: v8-outbox-wechat_batch_summary_sync-3d62021a6b4e4c428b2bcfb4a83f2dbd WECHAT_CLOUD_API_BASE is not configured
cloud sync event failed: v8-outbox-wechat_batch_summary_sync-e75ae53d1a4b46f781eae8f34fc19950 WECHAT_CLOUD_API_BASE is not configured
cloud sync event failed: v8-outbox-wechat_batch_summary_sync-42c877078ffa44c688d2db8d0d3b9a99 WECHAT_CLOUD_API_BASE is not configured
cloud sync event failed: v8-outbox-wechat_batch_summary_sync-60fb241901b14a17be225de8182b88bf WECHAT_CLOUD_API_BASE is not configured
cloud sync event failed: v8-outbox-wechat_batch_summary_sync-154b774b13e54551b41a573d60c04812 WECHAT_CLOUD_API_BASE is not configured
cloud sync event failed: v8-outbox-wechat_batch_summary_sync-5a42293a26094d7397718b2e72e7b3c9 WECHAT_CLOUD_API_BASE is not configured
cloud sync event failed: v8-outbox-wechat_batch_summary_sync-54f7f6be01d5497a8156afb0a56d7dee WECHAT_CLOUD_API_BASE is not configured
cloud sync event failed: v8-outbox-wechat_batch_summary_sync-336f6de3d0ef4c5b8db4910999445ffa WECHAT_CLOUD_API_BASE is not configured
cloud sync event failed: v8-outbox-wechat_batch_summary_sync-2ca79fcfa37849ddaeafd235ab7d34c8 WECHAT_CLOUD_API_BASE is not configured
cloud sync event failed: v8-outbox-wechat_batch_summary_sync-8bd7cdd42f534cb0b85d151f04775148 WECHAT_CLOUD_API_BASE is not configured
cloud sync event failed: v8-outbox-wechat_batch_summary_sync-3a763602b8b0483590ac9c323b823e35 WECHAT_CLOUD_API_BASE is not configured
cloud sync event failed: v8-outbox-wechat_batch_summary_sync-07cf1aff761a45d5a16627c2d09b04c3 WECHAT_CLOUD_API_BASE is not configured
cloud sync event failed: v8-outbox-wechat_batch_summary_sync-edd9264512954288a9f44573c76d2ea3 WECHAT_CLOUD_API_BASE is not configured
cloud sync event failed: v8-outbox-wechat_batch_summary_sync-c8dce93a664f4e0e9604c483a631d2de WECHAT_CLOUD_API_BASE is not configured
cloud sync event failed: v8-outbox-wechat_batch_summary_sync-0337518b49ff4cc6bde1f3c76c746bd2 WECHAT_CLOUD_API_BASE is not configured
INFO:     connection closed
INFO:     ('127.0.0.1', 65058) - "WebSocket /api/v1/ws?token=eyJhbGciOiJIUzI1NiIsInR5cCI6IkpXVCJ9.eyJleHAiOjE3OTI3MzgyMjgsInN1YiI6ImFkbWluIiwibmFtZSI6Ilx1N2NmYlx1N2VkZlx1N2JhMVx1NzQwNlx1NTQ1OCIsInJvbGUiOiJBZG1pbiJ9.OgUxVPKlWT3YjDKmsoSwQRv1Q1RHXCljZgqzQHXdToA" [accepted]
INFO:     connection open
cloud fetch status=approved failed: WECHAT_CLOUD_API_BASE is not configured
cloud fetch status=pending failed: WECHAT_CLOUD_API_BASE is not configured
cloud fetch status=partial_allocated failed: WECHAT_CLOUD_API_BASE is not configured
cloud fetch status=contracted failed: WECHAT_CLOUD_API_BASE is not configured
cloud fetch status=allocated failed: WECHAT_CLOUD_API_BASE is not configured
cloud fetch status=completed failed: WECHAT_CLOUD_API_BASE is not configured
cloud fetch status=rejected failed: WECHAT_CLOUD_API_BASE is not configured
cloud fetch status=cancelled failed: WECHAT_CLOUD_API_BASE is not configured
cloud fetch status=pending failed: WECHAT_CLOUD_API_BASE is not configured
cloud fetch status=approved failed: WECHAT_CLOUD_API_BASE is not configured
cloud fetch status=contracted failed: WECHAT_CLOUD_API_BASE is not configured
cloud fetch status=partial_allocated failed: WECHAT_CLOUD_API_BASE is not configured
cloud fetch status=allocated failed: WECHAT_CLOUD_API_BASE is not configured
cloud fetch status=rejected failed: WECHAT_CLOUD_API_BASE is not configured
cloud fetch status=completed failed: WECHAT_CLOUD_API_BASE is not configured
cloud fetch status=cancelled failed: WECHAT_CLOUD_API_BASE is not configured
cloud fetch status=pending failed: WECHAT_CLOUD_API_BASE is not configured
cloud fetch status=approved failed: WECHAT_CLOUD_API_BASE is not configured
cloud fetch status=contracted failed: WECHAT_CLOUD_API_BASE is not configured
cloud fetch status=partial_allocated failed: WECHAT_CLOUD_API_BASE is not configured
cloud fetch status=allocated failed: WECHAT_CLOUD_API_BASE is not configured
cloud fetch status=rejected failed: WECHAT_CLOUD_API_BASE is not configured
cloud fetch status=completed failed: WECHAT_CLOUD_API_BASE is not configured
cloud fetch status=cancelled failed: WECHAT_CLOUD_API_BASE is not configured
cloud fetch status=pending failed: WECHAT_CLOUD_API_BASE is not configured
cloud fetch status=contracted failed: WECHAT_CLOUD_API_BASE is not configured
cloud fetch status=partial_allocated failed: WECHAT_CLOUD_API_BASE is not configured
cloud fetch status=approved failed: WECHAT_CLOUD_API_BASE is not configured
cloud fetch status=allocated failed: WECHAT_CLOUD_API_BASE is not configured
cloud fetch status=completed failed: WECHAT_CLOUD_API_BASE is not configured
cloud fetch status=cancelled failed: WECHAT_CLOUD_API_BASE is not configured
cloud fetch status=rejected failed: WECHAT_CLOUD_API_BASE is not configured
cloud fetch status=pending failed: WECHAT_CLOUD_API_BASE is not configured
cloud fetch status=partial_allocated failed: WECHAT_CLOUD_API_BASE is not configured
cloud fetch status=approved failed: WECHAT_CLOUD_API_BASE is not configured
cloud fetch status=contracted failed: WECHAT_CLOUD_API_BASE is not configured
cloud fetch status=allocated failed: WECHAT_CLOUD_API_BASE is not configured
cloud fetch status=completed failed: WECHAT_CLOUD_API_BASE is not configured
cloud fetch status=rejected failed: WECHAT_CLOUD_API_BASE is not configured
cloud fetch status=cancelled failed: WECHAT_CLOUD_API_BASE is not configured
cloud fetch status=pending failed: WECHAT_CLOUD_API_BASE is not configured
cloud fetch status=approved failed: WECHAT_CLOUD_API_BASE is not configured
cloud fetch status=contracted failed: WECHAT_CLOUD_API_BASE is not configured
cloud fetch status=partial_allocated failed: WECHAT_CLOUD_API_BASE is not configured
cloud fetch status=allocated failed: WECHAT_CLOUD_API_BASE is not configured
cloud fetch status=completed failed: WECHAT_CLOUD_API_BASE is not configured
cloud fetch status=cancelled failed: WECHAT_CLOUD_API_BASE is not configured
cloud fetch status=rejected failed: WECHAT_CLOUD_API_BASE is not configured
cloud fetch status=approved failed: WECHAT_CLOUD_API_BASE is not configured
cloud fetch status=contracted failed: WECHAT_CLOUD_API_BASE is not configured
cloud fetch status=partial_allocated failed: WECHAT_CLOUD_API_BASE is not configured
cloud fetch status=pending failed: WECHAT_CLOUD_API_BASE is not configured
cloud fetch status=allocated failed: WECHAT_CLOUD_API_BASE is not configured
cloud fetch status=completed failed: WECHAT_CLOUD_API_BASE is not configured
cloud fetch status=rejected failed: WECHAT_CLOUD_API_BASE is not configured
cloud fetch status=cancelled failed: WECHAT_CLOUD_API_BASE is not configured
cloud fetch status=approved failed: WECHAT_CLOUD_API_BASE is not configured
cloud fetch status=pending failed: WECHAT_CLOUD_API_BASE is not configured
cloud fetch status=partial_allocated failed: WECHAT_CLOUD_API_BASE is not configured
cloud fetch status=contracted failed: WECHAT_CLOUD_API_BASE is not configured
cloud fetch status=allocated failed: WECHAT_CLOUD_API_BASE is not configured
cloud fetch status=completed failed: WECHAT_CLOUD_API_BASE is not configured
cloud fetch status=rejected failed: WECHAT_CLOUD_API_BASE is not configured
cloud fetch status=cancelled failed: WECHAT_CLOUD_API_BASE is not configured
cloud fetch status=pending failed: WECHAT_CLOUD_API_BASE is not configured
cloud fetch status=approved failed: WECHAT_CLOUD_API_BASE is not configured
cloud fetch status=partial_allocated failed: WECHAT_CLOUD_API_BASE is not configured
cloud fetch status=contracted failed: WECHAT_CLOUD_API_BASE is not configured
cloud fetch status=allocated failed: WECHAT_CLOUD_API_BASE is not configured
cloud fetch status=completed failed: WECHAT_CLOUD_API_BASE is not configured
cloud fetch status=rejected failed: WECHAT_CLOUD_API_BASE is not configured
cloud fetch status=cancelled failed: WECHAT_CLOUD_API_BASE is not configured
cloud fetch status=pending failed: WECHAT_CLOUD_API_BASE is not configured
cloud fetch status=approved failed: WECHAT_CLOUD_API_BASE is not configured
cloud fetch status=contracted failed: WECHAT_CLOUD_API_BASE is not configured
cloud fetch status=partial_allocated failed: WECHAT_CLOUD_API_BASE is not configured
cloud fetch status=rejected failed: WECHAT_CLOUD_API_BASE is not configured
cloud fetch status=completed failed: WECHAT_CLOUD_API_BASE is not configured
cloud fetch status=allocated failed: WECHAT_CLOUD_API_BASE is not configured
cloud fetch status=cancelled failed: WECHAT_CLOUD_API_BASE is not configured
cloud sync event failed: v8-outbox-wechat_batch_summary_sync-c56fd797818449ee963c13ef63dd9e44 WECHAT_CLOUD_API_BASE is not configured
cloud sync event failed: v8-outbox-wechat_batch_summary_sync-9ef948fa045f40acbf0e4912b6b23aff WECHAT_CLOUD_API_BASE is not configured
cloud sync event failed: v8-outbox-wechat_batch_summary_sync-6c496a95305249179993bb63dbfdd031 WECHAT_CLOUD_API_BASE is not configured
cloud sync event failed: v8-outbox-wechat_batch_summary_sync-3d62021a6b4e4c428b2bcfb4a83f2dbd WECHAT_CLOUD_API_BASE is not configured
cloud sync event failed: v8-outbox-wechat_batch_summary_sync-e75ae53d1a4b46f781eae8f34fc19950 WECHAT_CLOUD_API_BASE is not configured
cloud sync event failed: v8-outbox-wechat_batch_summary_sync-42c877078ffa44c688d2db8d0d3b9a99 WECHAT_CLOUD_API_BASE is not configured
cloud sync event failed: v8-outbox-wechat_batch_summary_sync-60fb241901b14a17be225de8182b88bf WECHAT_CLOUD_API_BASE is not configured
cloud sync event failed: v8-outbox-wechat_batch_summary_sync-154b774b13e54551b41a573d60c04812 WECHAT_CLOUD_API_BASE is not configured
cloud sync event failed: v8-outbox-wechat_batch_summary_sync-5a42293a26094d7397718b2e72e7b3c9 WECHAT_CLOUD_API_BASE is not configured
cloud sync event failed: v8-outbox-wechat_batch_summary_sync-54f7f6be01d5497a8156afb0a56d7dee WECHAT_CLOUD_API_BASE is not configured
cloud sync event failed: v8-outbox-wechat_batch_summary_sync-336f6de3d0ef4c5b8db4910999445ffa WECHAT_CLOUD_API_BASE is not configured
cloud sync event failed: v8-outbox-wechat_batch_summary_sync-2ca79fcfa37849ddaeafd235ab7d34c8 WECHAT_CLOUD_API_BASE is not configured
cloud sync event failed: v8-outbox-wechat_batch_summary_sync-8bd7cdd42f534cb0b85d151f04775148 WECHAT_CLOUD_API_BASE is not configured
cloud sync event failed: v8-outbox-wechat_batch_summary_sync-3a763602b8b0483590ac9c323b823e35 WECHAT_CLOUD_API_BASE is not configured
cloud sync event failed: v8-outbox-wechat_batch_summary_sync-07cf1aff761a45d5a16627c2d09b04c3 WECHAT_CLOUD_API_BASE is not configured
cloud sync event failed: v8-outbox-wechat_batch_summary_sync-edd9264512954288a9f44573c76d2ea3 WECHAT_CLOUD_API_BASE is not configured
cloud sync event failed: v8-outbox-wechat_batch_summary_sync-c8dce93a664f4e0e9604c483a631d2de WECHAT_CLOUD_API_BASE is not configured
cloud sync event failed: v8-outbox-wechat_batch_summary_sync-0337518b49ff4cc6bde1f3c76c746bd2 WECHAT_CLOUD_API_BASE is not configured
INFO:     connection closed
cloud fetch status=pending failed: WECHAT_CLOUD_API_BASE is not configured
cloud fetch status=partial_allocated failed: WECHAT_CLOUD_API_BASE is not configured
cloud fetch status=approved failed: WECHAT_CLOUD_API_BASE is not configured
cloud fetch status=contracted failed: WECHAT_CLOUD_API_BASE is not configured
cloud fetch status=allocated failed: WECHAT_CLOUD_API_BASE is not configured
cloud fetch status=completed failed: WECHAT_CLOUD_API_BASE is not configured
cloud fetch status=rejected failed: WECHAT_CLOUD_API_BASE is not configured
cloud fetch status=cancelled failed: WECHAT_CLOUD_API_BASE is not configured
cloud fetch status=pending failed: WECHAT_CLOUD_API_BASE is not configured
cloud fetch status=approved failed: WECHAT_CLOUD_API_BASE is not configured
cloud fetch status=contracted failed: WECHAT_CLOUD_API_BASE is not configured
cloud fetch status=partial_allocated failed: WECHAT_CLOUD_API_BASE is not configured
cloud fetch status=allocated failed: WECHAT_CLOUD_API_BASE is not configured
cloud fetch status=completed failed: WECHAT_CLOUD_API_BASE is not configured
cloud fetch status=rejected failed: WECHAT_CLOUD_API_BASE is not configured
cloud fetch status=cancelled failed: WECHAT_CLOUD_API_BASE is not configured
cloud fetch status=pending failed: WECHAT_CLOUD_API_BASE is not configured
cloud fetch status=approved failed: WECHAT_CLOUD_API_BASE is not configured
cloud fetch status=contracted failed: WECHAT_CLOUD_API_BASE is not configured
cloud fetch status=partial_allocated failed: WECHAT_CLOUD_API_BASE is not configured
cloud fetch status=allocated failed: WECHAT_CLOUD_API_BASE is not configured
cloud fetch status=completed failed: WECHAT_CLOUD_API_BASE is not configured
cloud fetch status=rejected failed: WECHAT_CLOUD_API_BASE is not configured
cloud fetch status=cancelled failed: WECHAT_CLOUD_API_BASE is not configured
cloud fetch status=pending failed: WECHAT_CLOUD_API_BASE is not configured
cloud fetch status=approved failed: WECHAT_CLOUD_API_BASE is not configured
cloud fetch status=contracted failed: WECHAT_CLOUD_API_BASE is not configured
cloud fetch status=partial_allocated failed: WECHAT_CLOUD_API_BASE is not configured
cloud fetch status=allocated failed: WECHAT_CLOUD_API_BASE is not configured
cloud fetch status=completed failed: WECHAT_CLOUD_API_BASE is not configured
cloud fetch status=rejected failed: WECHAT_CLOUD_API_BASE is not configured
cloud fetch status=cancelled failed: WECHAT_CLOUD_API_BASE is not configured
cloud fetch status=pending failed: WECHAT_CLOUD_API_BASE is not configured
cloud fetch status=approved failed: WECHAT_CLOUD_API_BASE is not configured
cloud fetch status=partial_allocated failed: WECHAT_CLOUD_API_BASE is not configured
cloud fetch status=contracted failed: WECHAT_CLOUD_API_BASE is not configured
cloud fetch status=allocated failed: WECHAT_CLOUD_API_BASE is not configured
cloud fetch status=completed failed: WECHAT_CLOUD_API_BASE is not configured
cloud fetch status=rejected failed: WECHAT_CLOUD_API_BASE is not configured
cloud fetch status=cancelled failed: WECHAT_CLOUD_API_BASE is not configured
cloud fetch status=pending failed: WECHAT_CLOUD_API_BASE is not configured
cloud fetch status=approved failed: WECHAT_CLOUD_API_BASE is not configured
cloud fetch status=contracted failed: WECHAT_CLOUD_API_BASE is not configured
cloud fetch status=partial_allocated failed: WECHAT_CLOUD_API_BASE is not configured
cloud fetch status=allocated failed: WECHAT_CLOUD_API_BASE is not configured
cloud fetch status=completed failed: WECHAT_CLOUD_API_BASE is not configured
cloud fetch status=rejected failed: WECHAT_CLOUD_API_BASE is not configured
cloud fetch status=cancelled failed: WECHAT_CLOUD_API_BASE is not configured
cloud fetch status=contracted failed: WECHAT_CLOUD_API_BASE is not configured
cloud fetch status=pending failed: WECHAT_CLOUD_API_BASE is not configured
cloud fetch status=partial_allocated failed: WECHAT_CLOUD_API_BASE is not configured
cloud fetch status=approved failed: WECHAT_CLOUD_API_BASE is not configured
cloud fetch status=allocated failed: WECHAT_CLOUD_API_BASE is not configured
cloud fetch status=completed failed: WECHAT_CLOUD_API_BASE is not configured
cloud fetch status=rejected failed: WECHAT_CLOUD_API_BASE is not configured
cloud fetch status=cancelled failed: WECHAT_CLOUD_API_BASE is not configured
cloud fetch status=pending failed: WECHAT_CLOUD_API_BASE is not configured
cloud fetch status=contracted failed: WECHAT_CLOUD_API_BASE is not configured
cloud fetch status=partial_allocated failed: WECHAT_CLOUD_API_BASE is not configured
cloud fetch status=approved failed: WECHAT_CLOUD_API_BASE is not configured
cloud fetch status=allocated failed: WECHAT_CLOUD_API_BASE is not configured
cloud fetch status=rejected failed: WECHAT_CLOUD_API_BASE is not configured
cloud fetch status=completed failed: WECHAT_CLOUD_API_BASE is not configured
cloud fetch status=cancelled failed: WECHAT_CLOUD_API_BASE is not configured
cloud fetch status=pending failed: WECHAT_CLOUD_API_BASE is not configured
cloud fetch status=approved failed: WECHAT_CLOUD_API_BASE is not configured
cloud fetch status=contracted failed: WECHAT_CLOUD_API_BASE is not configured
cloud fetch status=partial_allocated failed: WECHAT_CLOUD_API_BASE is not configured
cloud fetch status=allocated failed: WECHAT_CLOUD_API_BASE is not configured
cloud fetch status=completed failed: WECHAT_CLOUD_API_BASE is not configured
cloud fetch status=cancelled failed: WECHAT_CLOUD_API_BASE is not configured
cloud fetch status=rejected failed: WECHAT_CLOUD_API_BASE is not configured
cloud fetch status=pending failed: WECHAT_CLOUD_API_BASE is not configured
cloud fetch status=approved failed: WECHAT_CLOUD_API_BASE is not configured
cloud fetch status=contracted failed: WECHAT_CLOUD_API_BASE is not configured
cloud fetch status=partial_allocated failed: WECHAT_CLOUD_API_BASE is not configured
cloud fetch status=allocated failed: WECHAT_CLOUD_API_BASE is not configured
cloud fetch status=completed failed: WECHAT_CLOUD_API_BASE is not configured
cloud fetch status=rejected failed: WECHAT_CLOUD_API_BASE is not configured
cloud fetch status=cancelled failed: WECHAT_CLOUD_API_BASE is not configured
cloud sync event failed: v8-outbox-wechat_batch_summary_sync-c56fd797818449ee963c13ef63dd9e44 WECHAT_CLOUD_API_BASE is not configured
cloud sync event failed: v8-outbox-wechat_batch_summary_sync-9ef948fa045f40acbf0e4912b6b23aff WECHAT_CLOUD_API_BASE is not configured
cloud sync event failed: v8-outbox-wechat_batch_summary_sync-6c496a95305249179993bb63dbfdd031 WECHAT_CLOUD_API_BASE is not configured
cloud sync event failed: v8-outbox-wechat_batch_summary_sync-3d62021a6b4e4c428b2bcfb4a83f2dbd WECHAT_CLOUD_API_BASE is not configured
cloud sync event failed: v8-outbox-wechat_batch_summary_sync-e75ae53d1a4b46f781eae8f34fc19950 WECHAT_CLOUD_API_BASE is not configured
cloud sync event failed: v8-outbox-wechat_batch_summary_sync-42c877078ffa44c688d2db8d0d3b9a99 WECHAT_CLOUD_API_BASE is not configured
cloud sync event failed: v8-outbox-wechat_batch_summary_sync-60fb241901b14a17be225de8182b88bf WECHAT_CLOUD_API_BASE is not configured
cloud sync event failed: v8-outbox-wechat_batch_summary_sync-154b774b13e54551b41a573d60c04812 WECHAT_CLOUD_API_BASE is not configured
cloud sync event failed: v8-outbox-wechat_batch_summary_sync-5a42293a26094d7397718b2e72e7b3c9 WECHAT_CLOUD_API_BASE is not configured
cloud sync event failed: v8-outbox-wechat_batch_summary_sync-54f7f6be01d5497a8156afb0a56d7dee WECHAT_CLOUD_API_BASE is not configured
cloud sync event failed: v8-outbox-wechat_batch_summary_sync-336f6de3d0ef4c5b8db4910999445ffa WECHAT_CLOUD_API_BASE is not configured
cloud sync event failed: v8-outbox-wechat_batch_summary_sync-2ca79fcfa37849ddaeafd235ab7d34c8 WECHAT_CLOUD_API_BASE is not configured
cloud sync event failed: v8-outbox-wechat_batch_summary_sync-8bd7cdd42f534cb0b85d151f04775148 WECHAT_CLOUD_API_BASE is not configured
cloud sync event failed: v8-outbox-wechat_batch_summary_sync-3a763602b8b0483590ac9c323b823e35 WECHAT_CLOUD_API_BASE is not configured
cloud sync event failed: v8-outbox-wechat_batch_summary_sync-07cf1aff761a45d5a16627c2d09b04c3 WECHAT_CLOUD_API_BASE is not configured
cloud sync event failed: v8-outbox-wechat_batch_summary_sync-edd9264512954288a9f44573c76d2ea3 WECHAT_CLOUD_API_BASE is not configured
cloud sync event failed: v8-outbox-wechat_batch_summary_sync-c8dce93a664f4e0e9604c483a631d2de WECHAT_CLOUD_API_BASE is not configured
cloud sync event failed: v8-outbox-wechat_batch_summary_sync-0337518b49ff4cc6bde1f3c76c746bd2 WECHAT_CLOUD_API_BASE is not configured
cloud fetch status=approved failed: WECHAT_CLOUD_API_BASE is not configured
cloud fetch status=pending failed: WECHAT_CLOUD_API_BASE is not configured
cloud fetch status=contracted failed: WECHAT_CLOUD_API_BASE is not configured
cloud fetch status=partial_allocated failed: WECHAT_CLOUD_API_BASE is not configured
cloud fetch status=allocated failed: WECHAT_CLOUD_API_BASE is not configured
cloud fetch status=completed failed: WECHAT_CLOUD_API_BASE is not configured
cloud fetch status=rejected failed: WECHAT_CLOUD_API_BASE is not configured
cloud fetch status=cancelled failed: WECHAT_CLOUD_API_BASE is not configured
cloud fetch status=pending failed: WECHAT_CLOUD_API_BASE is not configured
cloud fetch status=approved failed: WECHAT_CLOUD_API_BASE is not configured
cloud fetch status=contracted failed: WECHAT_CLOUD_API_BASE is not configured
cloud fetch status=partial_allocated failed: WECHAT_CLOUD_API_BASE is not configured
cloud fetch status=allocated failed: WECHAT_CLOUD_API_BASE is not configured
cloud fetch status=completed failed: WECHAT_CLOUD_API_BASE is not configured
cloud fetch status=rejected failed: WECHAT_CLOUD_API_BASE is not configured
cloud fetch status=cancelled failed: WECHAT_CLOUD_API_BASE is not configured
cloud fetch status=pending failed: WECHAT_CLOUD_API_BASE is not configured
cloud fetch status=approved failed: WECHAT_CLOUD_API_BASE is not configured
cloud fetch status=contracted failed: WECHAT_CLOUD_API_BASE is not configured
cloud fetch status=partial_allocated failed: WECHAT_CLOUD_API_BASE is not configured
cloud fetch status=completed failed: WECHAT_CLOUD_API_BASE is not configured
cloud fetch status=allocated failed: WECHAT_CLOUD_API_BASE is not configured
cloud fetch status=rejected failed: WECHAT_CLOUD_API_BASE is not configured
cloud fetch status=cancelled failed: WECHAT_CLOUD_API_BASE is not configured
cloud fetch status=pending failed: WECHAT_CLOUD_API_BASE is not configured
cloud fetch status=approved failed: WECHAT_CLOUD_API_BASE is not configured
cloud fetch status=contracted failed: WECHAT_CLOUD_API_BASE is not configured
cloud fetch status=partial_allocated failed: WECHAT_CLOUD_API_BASE is not configured
cloud fetch status=allocated failed: WECHAT_CLOUD_API_BASE is not configured
cloud fetch status=completed failed: WECHAT_CLOUD_API_BASE is not configured
cloud fetch status=rejected failed: WECHAT_CLOUD_API_BASE is not configured
cloud fetch status=cancelled failed: WECHAT_CLOUD_API_BASE is not configured
cloud fetch status=pending failed: WECHAT_CLOUD_API_BASE is not configured
cloud fetch status=contracted failed: WECHAT_CLOUD_API_BASE is not configured
cloud fetch status=approved failed: WECHAT_CLOUD_API_BASE is not configured
cloud fetch status=partial_allocated failed: WECHAT_CLOUD_API_BASE is not configured
cloud fetch status=allocated failed: WECHAT_CLOUD_API_BASE is not configured
cloud fetch status=completed failed: WECHAT_CLOUD_API_BASE is not configured
cloud fetch status=rejected failed: WECHAT_CLOUD_API_BASE is not configured
cloud fetch status=cancelled failed: WECHAT_CLOUD_API_BASE is not configured
cloud fetch status=pending failed: WECHAT_CLOUD_API_BASE is not configured
cloud fetch status=approved failed: WECHAT_CLOUD_API_BASE is not configured
cloud fetch status=contracted failed: WECHAT_CLOUD_API_BASE is not configured
cloud fetch status=partial_allocated failed: WECHAT_CLOUD_API_BASE is not configured
cloud fetch status=allocated failed: WECHAT_CLOUD_API_BASE is not configured
cloud fetch status=completed failed: WECHAT_CLOUD_API_BASE is not configured
cloud fetch status=rejected failed: WECHAT_CLOUD_API_BASE is not configured
cloud fetch status=cancelled failed: WECHAT_CLOUD_API_BASE is not configured
cloud fetch status=pending failed: WECHAT_CLOUD_API_BASE is not configured
cloud fetch status=contracted failed: WECHAT_CLOUD_API_BASE is not configured
cloud fetch status=approved failed: WECHAT_CLOUD_API_BASE is not configured
cloud fetch status=partial_allocated failed: WECHAT_CLOUD_API_BASE is not configured
cloud fetch status=rejected failed: WECHAT_CLOUD_API_BASE is not configured
cloud fetch status=completed failed: WECHAT_CLOUD_API_BASE is not configured
cloud fetch status=allocated failed: WECHAT_CLOUD_API_BASE is not configured
cloud fetch status=cancelled failed: WECHAT_CLOUD_API_BASE is not configured
cloud fetch status=pending failed: WECHAT_CLOUD_API_BASE is not configured
cloud fetch status=contracted failed: WECHAT_CLOUD_API_BASE is not configured
cloud fetch status=approved failed: WECHAT_CLOUD_API_BASE is not configured
cloud fetch status=partial_allocated failed: WECHAT_CLOUD_API_BASE is not configured
cloud fetch status=allocated failed: WECHAT_CLOUD_API_BASE is not configured
cloud fetch status=rejected failed: WECHAT_CLOUD_API_BASE is not configured
cloud fetch status=completed failed: WECHAT_CLOUD_API_BASE is not configured
cloud fetch status=cancelled failed: WECHAT_CLOUD_API_BASE is not configured
cloud fetch status=pending failed: WECHAT_CLOUD_API_BASE is not configured
cloud fetch status=contracted failed: WECHAT_CLOUD_API_BASE is not configured
cloud fetch status=approved failed: WECHAT_CLOUD_API_BASE is not configured
cloud fetch status=partial_allocated failed: WECHAT_CLOUD_API_BASE is not configured
cloud fetch status=completed failed: WECHAT_CLOUD_API_BASE is not configured
cloud fetch status=allocated failed: WECHAT_CLOUD_API_BASE is not configured
cloud fetch status=rejected failed: WECHAT_CLOUD_API_BASE is not configured
cloud fetch status=cancelled failed: WECHAT_CLOUD_API_BASE is not configured
cloud fetch status=pending failed: WECHAT_CLOUD_API_BASE is not configured
cloud fetch status=contracted failed: WECHAT_CLOUD_API_BASE is not configured
cloud fetch status=approved failed: WECHAT_CLOUD_API_BASE is not configured
cloud fetch status=partial_allocated failed: WECHAT_CLOUD_API_BASE is not configured
cloud fetch status=allocated failed: WECHAT_CLOUD_API_BASE is not configured
cloud fetch status=completed failed: WECHAT_CLOUD_API_BASE is not configured
cloud fetch status=cancelled failed: WECHAT_CLOUD_API_BASE is not configured
cloud fetch status=rejected failed: WECHAT_CLOUD_API_BASE is not configured
cloud sync event failed: v8-outbox-wechat_batch_summary_sync-c56fd797818449ee963c13ef63dd9e44 WECHAT_CLOUD_API_BASE is not configured
cloud sync event failed: v8-outbox-wechat_batch_summary_sync-9ef948fa045f40acbf0e4912b6b23aff WECHAT_CLOUD_API_BASE is not configured
cloud sync event failed: v8-outbox-wechat_batch_summary_sync-6c496a95305249179993bb63dbfdd031 WECHAT_CLOUD_API_BASE is not configured
cloud sync event failed: v8-outbox-wechat_batch_summary_sync-3d62021a6b4e4c428b2bcfb4a83f2dbd WECHAT_CLOUD_API_BASE is not configured
cloud sync event failed: v8-outbox-wechat_batch_summary_sync-e75ae53d1a4b46f781eae8f34fc19950 WECHAT_CLOUD_API_BASE is not configured
cloud sync event failed: v8-outbox-wechat_batch_summary_sync-42c877078ffa44c688d2db8d0d3b9a99 WECHAT_CLOUD_API_BASE is not configured
cloud sync event failed: v8-outbox-wechat_batch_summary_sync-60fb241901b14a17be225de8182b88bf WECHAT_CLOUD_API_BASE is not configured
cloud sync event failed: v8-outbox-wechat_batch_summary_sync-154b774b13e54551b41a573d60c04812 WECHAT_CLOUD_API_BASE is not configured
cloud sync event failed: v8-outbox-wechat_batch_summary_sync-5a42293a26094d7397718b2e72e7b3c9 WECHAT_CLOUD_API_BASE is not configured
cloud sync event failed: v8-outbox-wechat_batch_summary_sync-54f7f6be01d5497a8156afb0a56d7dee WECHAT_CLOUD_API_BASE is not configured
cloud sync event failed: v8-outbox-wechat_batch_summary_sync-336f6de3d0ef4c5b8db4910999445ffa WECHAT_CLOUD_API_BASE is not configured
cloud sync event failed: v8-outbox-wechat_batch_summary_sync-2ca79fcfa37849ddaeafd235ab7d34c8 WECHAT_CLOUD_API_BASE is not configured
cloud sync event failed: v8-outbox-wechat_batch_summary_sync-8bd7cdd42f534cb0b85d151f04775148 WECHAT_CLOUD_API_BASE is not configured
cloud sync event failed: v8-outbox-wechat_batch_summary_sync-3a763602b8b0483590ac9c323b823e35 WECHAT_CLOUD_API_BASE is not configured
cloud sync event failed: v8-outbox-wechat_batch_summary_sync-07cf1aff761a45d5a16627c2d09b04c3 WECHAT_CLOUD_API_BASE is not configured
cloud sync event failed: v8-outbox-wechat_batch_summary_sync-edd9264512954288a9f44573c76d2ea3 WECHAT_CLOUD_API_BASE is not configured
cloud sync event failed: v8-outbox-wechat_batch_summary_sync-c8dce93a664f4e0e9604c483a631d2de WECHAT_CLOUD_API_BASE is not configured
cloud sync event failed: v8-outbox-wechat_batch_summary_sync-0337518b49ff4cc6bde1f3c76c746bd2 WECHAT_CLOUD_API_BASE is not configured
cloud fetch status=pending failed: WECHAT_CLOUD_API_BASE is not configured
cloud fetch status=approved failed: WECHAT_CLOUD_API_BASE is not configured
cloud fetch status=contracted failed: WECHAT_CLOUD_API_BASE is not configured
cloud fetch status=partial_allocated failed: WECHAT_CLOUD_API_BASE is not configured
cloud fetch status=allocated failed: WECHAT_CLOUD_API_BASE is not configured
cloud fetch status=completed failed: WECHAT_CLOUD_API_BASE is not configured
cloud fetch status=rejected failed: WECHAT_CLOUD_API_BASE is not configured
cloud fetch status=cancelled failed: WECHAT_CLOUD_API_BASE is not configured
cloud fetch status=pending failed: WECHAT_CLOUD_API_BASE is not configured
cloud fetch status=approved failed: WECHAT_CLOUD_API_BASE is not configured
cloud fetch status=contracted failed: WECHAT_CLOUD_API_BASE is not configured
cloud fetch status=partial_allocated failed: WECHAT_CLOUD_API_BASE is not configured
cloud fetch status=rejected failed: WECHAT_CLOUD_API_BASE is not configured
cloud fetch status=allocated failed: WECHAT_CLOUD_API_BASE is not configured
cloud fetch status=completed failed: WECHAT_CLOUD_API_BASE is not configured
cloud fetch status=cancelled failed: WECHAT_CLOUD_API_BASE is not configured
cloud fetch status=pending failed: WECHAT_CLOUD_API_BASE is not configured
cloud fetch status=partial_allocated failed: WECHAT_CLOUD_API_BASE is not configured
cloud fetch status=approved failed: WECHAT_CLOUD_API_BASE is not configured
cloud fetch status=contracted failed: WECHAT_CLOUD_API_BASE is not configured
cloud fetch status=allocated failed: WECHAT_CLOUD_API_BASE is not configured
cloud fetch status=completed failed: WECHAT_CLOUD_API_BASE is not configured
cloud fetch status=rejected failed: WECHAT_CLOUD_API_BASE is not configured
cloud fetch status=cancelled failed: WECHAT_CLOUD_API_BASE is not configured
cloud fetch status=pending failed: WECHAT_CLOUD_API_BASE is not configured
cloud fetch status=approved failed: WECHAT_CLOUD_API_BASE is not configured
cloud fetch status=partial_allocated failed: WECHAT_CLOUD_API_BASE is not configured
cloud fetch status=contracted failed: WECHAT_CLOUD_API_BASE is not configured
cloud fetch status=allocated failed: WECHAT_CLOUD_API_BASE is not configured
cloud fetch status=completed failed: WECHAT_CLOUD_API_BASE is not configured
cloud fetch status=rejected failed: WECHAT_CLOUD_API_BASE is not configured
cloud fetch status=cancelled failed: WECHAT_CLOUD_API_BASE is not configured
cloud fetch status=pending failed: WECHAT_CLOUD_API_BASE is not configured
cloud fetch status=approved failed: WECHAT_CLOUD_API_BASE is not configured
cloud fetch status=contracted failed: WECHAT_CLOUD_API_BASE is not configured
cloud fetch status=partial_allocated failed: WECHAT_CLOUD_API_BASE is not configured
cloud fetch status=allocated failed: WECHAT_CLOUD_API_BASE is not configured
cloud fetch status=completed failed: WECHAT_CLOUD_API_BASE is not configured
cloud fetch status=rejected failed: WECHAT_CLOUD_API_BASE is not configured
cloud fetch status=cancelled failed: WECHAT_CLOUD_API_BASE is not configured
cloud fetch status=pending failed: WECHAT_CLOUD_API_BASE is not configured
cloud fetch status=approved failed: WECHAT_CLOUD_API_BASE is not configured
cloud fetch status=contracted failed: WECHAT_CLOUD_API_BASE is not configured
cloud fetch status=partial_allocated failed: WECHAT_CLOUD_API_BASE is not configured
cloud fetch status=allocated failed: WECHAT_CLOUD_API_BASE is not configured
cloud fetch status=rejected failed: WECHAT_CLOUD_API_BASE is not configured
cloud fetch status=cancelled failed: WECHAT_CLOUD_API_BASE is not configured
cloud fetch status=completed failed: WECHAT_CLOUD_API_BASE is not configured
cloud fetch status=pending failed: WECHAT_CLOUD_API_BASE is not configured
cloud fetch status=approved failed: WECHAT_CLOUD_API_BASE is not configured
cloud fetch status=partial_allocated failed: WECHAT_CLOUD_API_BASE is not configured
cloud fetch status=contracted failed: WECHAT_CLOUD_API_BASE is not configured
cloud fetch status=allocated failed: WECHAT_CLOUD_API_BASE is not configured
cloud fetch status=completed failed: WECHAT_CLOUD_API_BASE is not configured
cloud fetch status=rejected failed: WECHAT_CLOUD_API_BASE is not configured
cloud fetch status=cancelled failed: WECHAT_CLOUD_API_BASE is not configured
cloud fetch status=pending failed: WECHAT_CLOUD_API_BASE is not configured
cloud fetch status=approved failed: WECHAT_CLOUD_API_BASE is not configured
cloud fetch status=partial_allocated failed: WECHAT_CLOUD_API_BASE is not configured
cloud fetch status=contracted failed: WECHAT_CLOUD_API_BASE is not configured
cloud fetch status=allocated failed: WECHAT_CLOUD_API_BASE is not configured
cloud fetch status=completed failed: WECHAT_CLOUD_API_BASE is not configured
cloud fetch status=rejected failed: WECHAT_CLOUD_API_BASE is not configured
cloud fetch status=cancelled failed: WECHAT_CLOUD_API_BASE is not configured
cloud fetch status=pending failed: WECHAT_CLOUD_API_BASE is not configured
cloud fetch status=approved failed: WECHAT_CLOUD_API_BASE is not configured
cloud fetch status=contracted failed: WECHAT_CLOUD_API_BASE is not configured
cloud fetch status=partial_allocated failed: WECHAT_CLOUD_API_BASE is not configured
cloud fetch status=allocated failed: WECHAT_CLOUD_API_BASE is not configured
cloud fetch status=completed failed: WECHAT_CLOUD_API_BASE is not configured
cloud fetch status=rejected failed: WECHAT_CLOUD_API_BASE is not configured
cloud fetch status=cancelled failed: WECHAT_CLOUD_API_BASE is not configured
cloud fetch status=contracted failed: WECHAT_CLOUD_API_BASE is not configured
cloud fetch status=pending failed: WECHAT_CLOUD_API_BASE is not configured
cloud fetch status=approved failed: WECHAT_CLOUD_API_BASE is not configured
cloud fetch status=partial_allocated failed: WECHAT_CLOUD_API_BASE is not configured
cloud fetch status=completed failed: WECHAT_CLOUD_API_BASE is not configured
cloud fetch status=allocated failed: WECHAT_CLOUD_API_BASE is not configured
cloud fetch status=rejected failed: WECHAT_CLOUD_API_BASE is not configured
cloud fetch status=cancelled failed: WECHAT_CLOUD_API_BASE is not configured
cloud sync event failed: v8-outbox-wechat_batch_summary_sync-c56fd797818449ee963c13ef63dd9e44 WECHAT_CLOUD_API_BASE is not configured
cloud sync event failed: v8-outbox-wechat_batch_summary_sync-9ef948fa045f40acbf0e4912b6b23aff WECHAT_CLOUD_API_BASE is not configured
cloud sync event failed: v8-outbox-wechat_batch_summary_sync-6c496a95305249179993bb63dbfdd031 WECHAT_CLOUD_API_BASE is not configured
cloud sync event failed: v8-outbox-wechat_batch_summary_sync-3d62021a6b4e4c428b2bcfb4a83f2dbd WECHAT_CLOUD_API_BASE is not configured
cloud sync event failed: v8-outbox-wechat_batch_summary_sync-e75ae53d1a4b46f781eae8f34fc19950 WECHAT_CLOUD_API_BASE is not configured
cloud sync event failed: v8-outbox-wechat_batch_summary_sync-42c877078ffa44c688d2db8d0d3b9a99 WECHAT_CLOUD_API_BASE is not configured
cloud sync event failed: v8-outbox-wechat_batch_summary_sync-60fb241901b14a17be225de8182b88bf WECHAT_CLOUD_API_BASE is not configured
cloud sync event failed: v8-outbox-wechat_batch_summary_sync-154b774b13e54551b41a573d60c04812 WECHAT_CLOUD_API_BASE is not configured
cloud sync event failed: v8-outbox-wechat_batch_summary_sync-5a42293a26094d7397718b2e72e7b3c9 WECHAT_CLOUD_API_BASE is not configured
cloud sync event failed: v8-outbox-wechat_batch_summary_sync-54f7f6be01d5497a8156afb0a56d7dee WECHAT_CLOUD_API_BASE is not configured
cloud sync event failed: v8-outbox-wechat_batch_summary_sync-336f6de3d0ef4c5b8db4910999445ffa WECHAT_CLOUD_API_BASE is not configured
cloud sync event failed: v8-outbox-wechat_batch_summary_sync-2ca79fcfa37849ddaeafd235ab7d34c8 WECHAT_CLOUD_API_BASE is not configured
cloud sync event failed: v8-outbox-wechat_batch_summary_sync-8bd7cdd42f534cb0b85d151f04775148 WECHAT_CLOUD_API_BASE is not configured
cloud sync event failed: v8-outbox-wechat_batch_summary_sync-3a763602b8b0483590ac9c323b823e35 WECHAT_CLOUD_API_BASE is not configured
cloud sync event failed: v8-outbox-wechat_batch_summary_sync-07cf1aff761a45d5a16627c2d09b04c3 WECHAT_CLOUD_API_BASE is not configured
cloud sync event failed: v8-outbox-wechat_batch_summary_sync-edd9264512954288a9f44573c76d2ea3 WECHAT_CLOUD_API_BASE is not configured
cloud sync event failed: v8-outbox-wechat_batch_summary_sync-c8dce93a664f4e0e9604c483a631d2de WECHAT_CLOUD_API_BASE is not configured
cloud sync event failed: v8-outbox-wechat_batch_summary_sync-0337518b49ff4cc6bde1f3c76c746bd2 WECHAT_CLOUD_API_BASE is not configured
cloud fetch status=approved failed: WECHAT_CLOUD_API_BASE is not configured
cloud fetch status=pending failed: WECHAT_CLOUD_API_BASE is not configured
cloud fetch status=partial_allocated failed: WECHAT_CLOUD_API_BASE is not configured
cloud fetch status=contracted failed: WECHAT_CLOUD_API_BASE is not configured
cloud fetch status=allocated failed: WECHAT_CLOUD_API_BASE is not configured
cloud fetch status=rejected failed: WECHAT_CLOUD_API_BASE is not configured
cloud fetch status=completed failed: WECHAT_CLOUD_API_BASE is not configured
cloud fetch status=cancelled failed: WECHAT_CLOUD_API_BASE is not configured
cloud fetch status=approved failed: WECHAT_CLOUD_API_BASE is not configured
cloud fetch status=pending failed: WECHAT_CLOUD_API_BASE is not configured
cloud fetch status=contracted failed: WECHAT_CLOUD_API_BASE is not configured
cloud fetch status=partial_allocated failed: WECHAT_CLOUD_API_BASE is not configured
cloud fetch status=completed failed: WECHAT_CLOUD_API_BASE is not configured
cloud fetch status=allocated failed: WECHAT_CLOUD_API_BASE is not configured
cloud fetch status=rejected failed: WECHAT_CLOUD_API_BASE is not configured
cloud fetch status=cancelled failed: WECHAT_CLOUD_API_BASE is not configured
cloud fetch status=pending failed: WECHAT_CLOUD_API_BASE is not configured
cloud fetch status=approved failed: WECHAT_CLOUD_API_BASE is not configured
cloud fetch status=contracted failed: WECHAT_CLOUD_API_BASE is not configured
cloud fetch status=partial_allocated failed: WECHAT_CLOUD_API_BASE is not configured
cloud fetch status=allocated failed: WECHAT_CLOUD_API_BASE is not configured
cloud fetch status=cancelled failed: WECHAT_CLOUD_API_BASE is not configured
cloud fetch status=completed failed: WECHAT_CLOUD_API_BASE is not configured
cloud fetch status=rejected failed: WECHAT_CLOUD_API_BASE is not configured
cloud fetch status=approved failed: WECHAT_CLOUD_API_BASE is not configured
cloud fetch status=pending failed: WECHAT_CLOUD_API_BASE is not configured
cloud fetch status=contracted failed: WECHAT_CLOUD_API_BASE is not configured
cloud fetch status=partial_allocated failed: WECHAT_CLOUD_API_BASE is not configured
cloud fetch status=completed failed: WECHAT_CLOUD_API_BASE is not configured
cloud fetch status=allocated failed: WECHAT_CLOUD_API_BASE is not configured
cloud fetch status=rejected failed: WECHAT_CLOUD_API_BASE is not configured
cloud fetch status=cancelled failed: WECHAT_CLOUD_API_BASE is not configured
cloud fetch status=pending failed: WECHAT_CLOUD_API_BASE is not configured
cloud fetch status=approved failed: WECHAT_CLOUD_API_BASE is not configured
cloud fetch status=contracted failed: WECHAT_CLOUD_API_BASE is not configured
cloud fetch status=partial_allocated failed: WECHAT_CLOUD_API_BASE is not configured
cloud fetch status=allocated failed: WECHAT_CLOUD_API_BASE is not configured
cloud fetch status=completed failed: WECHAT_CLOUD_API_BASE is not configured
cloud fetch status=rejected failed: WECHAT_CLOUD_API_BASE is not configured
cloud fetch status=cancelled failed: WECHAT_CLOUD_API_BASE is not configured
cloud fetch status=pending failed: WECHAT_CLOUD_API_BASE is not configured
cloud fetch status=contracted failed: WECHAT_CLOUD_API_BASE is not configured
cloud fetch status=partial_allocated failed: WECHAT_CLOUD_API_BASE is not configured
cloud fetch status=approved failed: WECHAT_CLOUD_API_BASE is not configured
cloud fetch status=allocated failed: WECHAT_CLOUD_API_BASE is not configured
cloud fetch status=rejected failed: WECHAT_CLOUD_API_BASE is not configured
cloud fetch status=cancelled failed: WECHAT_CLOUD_API_BASE is not configured
cloud fetch status=completed failed: WECHAT_CLOUD_API_BASE is not configured
cloud fetch status=pending failed: WECHAT_CLOUD_API_BASE is not configured
cloud fetch status=approved failed: WECHAT_CLOUD_API_BASE is not configured
cloud fetch status=contracted failed: WECHAT_CLOUD_API_BASE is not configured
cloud fetch status=partial_allocated failed: WECHAT_CLOUD_API_BASE is not configured
cloud fetch status=allocated failed: WECHAT_CLOUD_API_BASE is not configured
cloud fetch status=completed failed: WECHAT_CLOUD_API_BASE is not configured
cloud fetch status=rejected failed: WECHAT_CLOUD_API_BASE is not configured
cloud fetch status=cancelled failed: WECHAT_CLOUD_API_BASE is not configured
cloud fetch status=pending failed: WECHAT_CLOUD_API_BASE is not configured
cloud fetch status=approved failed: WECHAT_CLOUD_API_BASE is not configured
cloud fetch status=contracted failed: WECHAT_CLOUD_API_BASE is not configured
cloud fetch status=partial_allocated failed: WECHAT_CLOUD_API_BASE is not configured
cloud fetch status=allocated failed: WECHAT_CLOUD_API_BASE is not configured
cloud fetch status=completed failed: WECHAT_CLOUD_API_BASE is not configured
cloud fetch status=rejected failed: WECHAT_CLOUD_API_BASE is not configured
cloud fetch status=cancelled failed: WECHAT_CLOUD_API_BASE is not configured
cloud fetch status=pending failed: WECHAT_CLOUD_API_BASE is not configured
cloud fetch status=approved failed: WECHAT_CLOUD_API_BASE is not configured
cloud fetch status=contracted failed: WECHAT_CLOUD_API_BASE is not configured
cloud fetch status=partial_allocated failed: WECHAT_CLOUD_API_BASE is not configured
cloud fetch status=allocated failed: WECHAT_CLOUD_API_BASE is not configured
cloud fetch status=completed failed: WECHAT_CLOUD_API_BASE is not configured
cloud fetch status=rejected failed: WECHAT_CLOUD_API_BASE is not configured
cloud fetch status=cancelled failed: WECHAT_CLOUD_API_BASE is not configured
cloud fetch status=pending failed: WECHAT_CLOUD_API_BASE is not configured
cloud fetch status=approved failed: WECHAT_CLOUD_API_BASE is not configured
cloud fetch status=partial_allocated failed: WECHAT_CLOUD_API_BASE is not configured
cloud fetch status=contracted failed: WECHAT_CLOUD_API_BASE is not configured
cloud fetch status=allocated failed: WECHAT_CLOUD_API_BASE is not configured
cloud fetch status=completed failed: WECHAT_CLOUD_API_BASE is not configured
cloud fetch status=rejected failed: WECHAT_CLOUD_API_BASE is not configured
cloud fetch status=cancelled failed: WECHAT_CLOUD_API_BASE is not configured
cloud sync event failed: v8-outbox-wechat_batch_summary_sync-c56fd797818449ee963c13ef63dd9e44 WECHAT_CLOUD_API_BASE is not configured
cloud sync event failed: v8-outbox-wechat_batch_summary_sync-9ef948fa045f40acbf0e4912b6b23aff WECHAT_CLOUD_API_BASE is not configured
cloud sync event failed: v8-outbox-wechat_batch_summary_sync-6c496a95305249179993bb63dbfdd031 WECHAT_CLOUD_API_BASE is not configured
cloud sync event failed: v8-outbox-wechat_batch_summary_sync-3d62021a6b4e4c428b2bcfb4a83f2dbd WECHAT_CLOUD_API_BASE is not configured
cloud sync event failed: v8-outbox-wechat_batch_summary_sync-e75ae53d1a4b46f781eae8f34fc19950 WECHAT_CLOUD_API_BASE is not configured
cloud sync event failed: v8-outbox-wechat_batch_summary_sync-42c877078ffa44c688d2db8d0d3b9a99 WECHAT_CLOUD_API_BASE is not configured
cloud sync event failed: v8-outbox-wechat_batch_summary_sync-60fb241901b14a17be225de8182b88bf WECHAT_CLOUD_API_BASE is not configured
cloud sync event failed: v8-outbox-wechat_batch_summary_sync-154b774b13e54551b41a573d60c04812 WECHAT_CLOUD_API_BASE is not configured
cloud sync event failed: v8-outbox-wechat_batch_summary_sync-5a42293a26094d7397718b2e72e7b3c9 WECHAT_CLOUD_API_BASE is not configured
cloud sync event failed: v8-outbox-wechat_batch_summary_sync-54f7f6be01d5497a8156afb0a56d7dee WECHAT_CLOUD_API_BASE is not configured
cloud sync event failed: v8-outbox-wechat_batch_summary_sync-336f6de3d0ef4c5b8db4910999445ffa WECHAT_CLOUD_API_BASE is not configured
cloud sync event failed: v8-outbox-wechat_batch_summary_sync-2ca79fcfa37849ddaeafd235ab7d34c8 WECHAT_CLOUD_API_BASE is not configured
cloud sync event failed: v8-outbox-wechat_batch_summary_sync-8bd7cdd42f534cb0b85d151f04775148 WECHAT_CLOUD_API_BASE is not configured
cloud sync event failed: v8-outbox-wechat_batch_summary_sync-3a763602b8b0483590ac9c323b823e35 WECHAT_CLOUD_API_BASE is not configured
cloud sync event failed: v8-outbox-wechat_batch_summary_sync-07cf1aff761a45d5a16627c2d09b04c3 WECHAT_CLOUD_API_BASE is not configured
cloud sync event failed: v8-outbox-wechat_batch_summary_sync-edd9264512954288a9f44573c76d2ea3 WECHAT_CLOUD_API_BASE is not configured
cloud sync event failed: v8-outbox-wechat_batch_summary_sync-c8dce93a664f4e0e9604c483a631d2de WECHAT_CLOUD_API_BASE is not configured
cloud sync event failed: v8-outbox-wechat_batch_summary_sync-0337518b49ff4cc6bde1f3c76c746bd2 WECHAT_CLOUD_API_BASE is not configured
cloud fetch status=pending failed: WECHAT_CLOUD_API_BASE is not configured
cloud fetch status=approved failed: WECHAT_CLOUD_API_BASE is not configured
cloud fetch status=partial_allocated failed: WECHAT_CLOUD_API_BASE is not configured
cloud fetch status=contracted failed: WECHAT_CLOUD_API_BASE is not configured
cloud fetch status=allocated failed: WECHAT_CLOUD_API_BASE is not configured
cloud fetch status=rejected failed: WECHAT_CLOUD_API_BASE is not configured
cloud fetch status=completed failed: WECHAT_CLOUD_API_BASE is not configured
cloud fetch status=cancelled failed: WECHAT_CLOUD_API_BASE is not configured
cloud fetch status=approved failed: WECHAT_CLOUD_API_BASE is not configured
cloud fetch status=pending failed: WECHAT_CLOUD_API_BASE is not configured
cloud fetch status=partial_allocated failed: WECHAT_CLOUD_API_BASE is not configured
cloud fetch status=contracted failed: WECHAT_CLOUD_API_BASE is not configured
cloud fetch status=allocated failed: WECHAT_CLOUD_API_BASE is not configured
cloud fetch status=rejected failed: WECHAT_CLOUD_API_BASE is not configured
cloud fetch status=completed failed: WECHAT_CLOUD_API_BASE is not configured
cloud fetch status=cancelled failed: WECHAT_CLOUD_API_BASE is not configured
cloud fetch status=pending failed: WECHAT_CLOUD_API_BASE is not configured
cloud fetch status=approved failed: WECHAT_CLOUD_API_BASE is not configured
cloud fetch status=contracted failed: WECHAT_CLOUD_API_BASE is not configured
cloud fetch status=partial_allocated failed: WECHAT_CLOUD_API_BASE is not configured
cloud fetch status=allocated failed: WECHAT_CLOUD_API_BASE is not configured
cloud fetch status=rejected failed: WECHAT_CLOUD_API_BASE is not configured
cloud fetch status=completed failed: WECHAT_CLOUD_API_BASE is not configured
cloud fetch status=cancelled failed: WECHAT_CLOUD_API_BASE is not configured
cloud fetch status=pending failed: WECHAT_CLOUD_API_BASE is not configured
cloud fetch status=approved failed: WECHAT_CLOUD_API_BASE is not configured
cloud fetch status=contracted failed: WECHAT_CLOUD_API_BASE is not configured
cloud fetch status=partial_allocated failed: WECHAT_CLOUD_API_BASE is not configured
cloud fetch status=allocated failed: WECHAT_CLOUD_API_BASE is not configured
cloud fetch status=completed failed: WECHAT_CLOUD_API_BASE is not configured
cloud fetch status=rejected failed: WECHAT_CLOUD_API_BASE is not configured
cloud fetch status=cancelled failed: WECHAT_CLOUD_API_BASE is not configured
cloud fetch status=pending failed: WECHAT_CLOUD_API_BASE is not configured
cloud fetch status=approved failed: WECHAT_CLOUD_API_BASE is not configured
cloud fetch status=contracted failed: WECHAT_CLOUD_API_BASE is not configured
cloud fetch status=partial_allocated failed: WECHAT_CLOUD_API_BASE is not configured
cloud fetch status=allocated failed: WECHAT_CLOUD_API_BASE is not configured
cloud fetch status=cancelled failed: WECHAT_CLOUD_API_BASE is not configured
cloud fetch status=completed failed: WECHAT_CLOUD_API_BASE is not configured
cloud fetch status=rejected failed: WECHAT_CLOUD_API_BASE is not configured
cloud fetch status=pending failed: WECHAT_CLOUD_API_BASE is not configured
cloud fetch status=contracted failed: WECHAT_CLOUD_API_BASE is not configured
cloud fetch status=approved failed: WECHAT_CLOUD_API_BASE is not configured
cloud fetch status=partial_allocated failed: WECHAT_CLOUD_API_BASE is not configured
cloud fetch status=allocated failed: WECHAT_CLOUD_API_BASE is not configured
cloud fetch status=rejected failed: WECHAT_CLOUD_API_BASE is not configured
cloud fetch status=completed failed: WECHAT_CLOUD_API_BASE is not configured
cloud fetch status=cancelled failed: WECHAT_CLOUD_API_BASE is not configured
cloud fetch status=pending failed: WECHAT_CLOUD_API_BASE is not configured
cloud fetch status=approved failed: WECHAT_CLOUD_API_BASE is not configured
cloud fetch status=partial_allocated failed: WECHAT_CLOUD_API_BASE is not configured
cloud fetch status=contracted failed: WECHAT_CLOUD_API_BASE is not configured
cloud fetch status=allocated failed: WECHAT_CLOUD_API_BASE is not configured
cloud fetch status=completed failed: WECHAT_CLOUD_API_BASE is not configured
cloud fetch status=rejected failed: WECHAT_CLOUD_API_BASE is not configured
cloud fetch status=cancelled failed: WECHAT_CLOUD_API_BASE is not configured
cloud fetch status=pending failed: WECHAT_CLOUD_API_BASE is not configured
cloud fetch status=contracted failed: WECHAT_CLOUD_API_BASE is not configured
cloud fetch status=partial_allocated failed: WECHAT_CLOUD_API_BASE is not configured
cloud fetch status=approved failed: WECHAT_CLOUD_API_BASE is not configured
cloud fetch status=allocated failed: WECHAT_CLOUD_API_BASE is not configured
cloud fetch status=completed failed: WECHAT_CLOUD_API_BASE is not configured
cloud fetch status=cancelled failed: WECHAT_CLOUD_API_BASE is not configured
cloud fetch status=rejected failed: WECHAT_CLOUD_API_BASE is not configured
cloud fetch status=pending failed: WECHAT_CLOUD_API_BASE is not configured
cloud fetch status=approved failed: WECHAT_CLOUD_API_BASE is not configured
cloud fetch status=contracted failed: WECHAT_CLOUD_API_BASE is not configured
cloud fetch status=partial_allocated failed: WECHAT_CLOUD_API_BASE is not configured
cloud fetch status=allocated failed: WECHAT_CLOUD_API_BASE is not configured
cloud fetch status=completed failed: WECHAT_CLOUD_API_BASE is not configured
cloud fetch status=rejected failed: WECHAT_CLOUD_API_BASE is not configured
cloud fetch status=cancelled failed: WECHAT_CLOUD_API_BASE is not configured
cloud fetch status=pending failed: WECHAT_CLOUD_API_BASE is not configured
cloud fetch status=approved failed: WECHAT_CLOUD_API_BASE is not configured
cloud fetch status=contracted failed: WECHAT_CLOUD_API_BASE is not configured
cloud fetch status=partial_allocated failed: WECHAT_CLOUD_API_BASE is not configured
cloud fetch status=allocated failed: WECHAT_CLOUD_API_BASE is not configured
cloud fetch status=completed failed: WECHAT_CLOUD_API_BASE is not configured
cloud fetch status=cancelled failed: WECHAT_CLOUD_API_BASE is not configured
cloud fetch status=rejected failed: WECHAT_CLOUD_API_BASE is not configured
cloud sync event failed: v8-outbox-wechat_batch_summary_sync-c56fd797818449ee963c13ef63dd9e44 WECHAT_CLOUD_API_BASE is not configured
cloud sync event failed: v8-outbox-wechat_batch_summary_sync-9ef948fa045f40acbf0e4912b6b23aff WECHAT_CLOUD_API_BASE is not configured
cloud sync event failed: v8-outbox-wechat_batch_summary_sync-6c496a95305249179993bb63dbfdd031 WECHAT_CLOUD_API_BASE is not configured
cloud sync event failed: v8-outbox-wechat_batch_summary_sync-3d62021a6b4e4c428b2bcfb4a83f2dbd WECHAT_CLOUD_API_BASE is not configured
cloud sync event failed: v8-outbox-wechat_batch_summary_sync-e75ae53d1a4b46f781eae8f34fc19950 WECHAT_CLOUD_API_BASE is not configured
cloud sync event failed: v8-outbox-wechat_batch_summary_sync-42c877078ffa44c688d2db8d0d3b9a99 WECHAT_CLOUD_API_BASE is not configured
cloud sync event failed: v8-outbox-wechat_batch_summary_sync-60fb241901b14a17be225de8182b88bf WECHAT_CLOUD_API_BASE is not configured
cloud sync event failed: v8-outbox-wechat_batch_summary_sync-154b774b13e54551b41a573d60c04812 WECHAT_CLOUD_API_BASE is not configured
cloud sync event failed: v8-outbox-wechat_batch_summary_sync-5a42293a26094d7397718b2e72e7b3c9 WECHAT_CLOUD_API_BASE is not configured
cloud sync event failed: v8-outbox-wechat_batch_summary_sync-54f7f6be01d5497a8156afb0a56d7dee WECHAT_CLOUD_API_BASE is not configured
cloud sync event failed: v8-outbox-wechat_batch_summary_sync-336f6de3d0ef4c5b8db4910999445ffa WECHAT_CLOUD_API_BASE is not configured
cloud sync event failed: v8-outbox-wechat_batch_summary_sync-2ca79fcfa37849ddaeafd235ab7d34c8 WECHAT_CLOUD_API_BASE is not configured
cloud sync event failed: v8-outbox-wechat_batch_summary_sync-8bd7cdd42f534cb0b85d151f04775148 WECHAT_CLOUD_API_BASE is not configured
cloud sync event failed: v8-outbox-wechat_batch_summary_sync-3a763602b8b0483590ac9c323b823e35 WECHAT_CLOUD_API_BASE is not configured
cloud sync event failed: v8-outbox-wechat_batch_summary_sync-07cf1aff761a45d5a16627c2d09b04c3 WECHAT_CLOUD_API_BASE is not configured
cloud sync event failed: v8-outbox-wechat_batch_summary_sync-edd9264512954288a9f44573c76d2ea3 WECHAT_CLOUD_API_BASE is not configured
cloud sync event failed: v8-outbox-wechat_batch_summary_sync-c8dce93a664f4e0e9604c483a631d2de WECHAT_CLOUD_API_BASE is not configured
cloud sync event failed: v8-outbox-wechat_batch_summary_sync-0337518b49ff4cc6bde1f3c76c746bd2 WECHAT_CLOUD_API_BASE is not configured
cloud fetch status=pending failed: WECHAT_CLOUD_API_BASE is not configured
cloud fetch status=approved failed: WECHAT_CLOUD_API_BASE is not configured
cloud fetch status=contracted failed: WECHAT_CLOUD_API_BASE is not configured
cloud fetch status=partial_allocated failed: WECHAT_CLOUD_API_BASE is not configured
cloud fetch status=allocated failed: WECHAT_CLOUD_API_BASE is not configured
cloud fetch status=completed failed: WECHAT_CLOUD_API_BASE is not configured
cloud fetch status=rejected failed: WECHAT_CLOUD_API_BASE is not configured
cloud fetch status=cancelled failed: WECHAT_CLOUD_API_BASE is not configured
cloud fetch status=pending failed: WECHAT_CLOUD_API_BASE is not configured
cloud fetch status=approved failed: WECHAT_CLOUD_API_BASE is not configured
cloud fetch status=contracted failed: WECHAT_CLOUD_API_BASE is not configured
cloud fetch status=partial_allocated failed: WECHAT_CLOUD_API_BASE is not configured
cloud fetch status=allocated failed: WECHAT_CLOUD_API_BASE is not configured
cloud fetch status=completed failed: WECHAT_CLOUD_API_BASE is not configured
cloud fetch status=rejected failed: WECHAT_CLOUD_API_BASE is not configured
cloud fetch status=cancelled failed: WECHAT_CLOUD_API_BASE is not configured
cloud fetch status=pending failed: WECHAT_CLOUD_API_BASE is not configured
cloud fetch status=approved failed: WECHAT_CLOUD_API_BASE is not configured
cloud fetch status=contracted failed: WECHAT_CLOUD_API_BASE is not configured
cloud fetch status=partial_allocated failed: WECHAT_CLOUD_API_BASE is not configured
cloud fetch status=allocated failed: WECHAT_CLOUD_API_BASE is not configured
cloud fetch status=completed failed: WECHAT_CLOUD_API_BASE is not configured
cloud fetch status=rejected failed: WECHAT_CLOUD_API_BASE is not configured
cloud fetch status=cancelled failed: WECHAT_CLOUD_API_BASE is not configured
cloud fetch status=contracted failed: WECHAT_CLOUD_API_BASE is not configured
cloud fetch status=pending failed: WECHAT_CLOUD_API_BASE is not configured
cloud fetch status=partial_allocated failed: WECHAT_CLOUD_API_BASE is not configured
cloud fetch status=approved failed: WECHAT_CLOUD_API_BASE is not configured
cloud fetch status=allocated failed: WECHAT_CLOUD_API_BASE is not configured
cloud fetch status=completed failed: WECHAT_CLOUD_API_BASE is not configured
cloud fetch status=cancelled failed: WECHAT_CLOUD_API_BASE is not configured
cloud fetch status=rejected failed: WECHAT_CLOUD_API_BASE is not configured
cloud fetch status=approved failed: WECHAT_CLOUD_API_BASE is not configured
cloud fetch status=contracted failed: WECHAT_CLOUD_API_BASE is not configured
cloud fetch status=pending failed: WECHAT_CLOUD_API_BASE is not configured
cloud fetch status=partial_allocated failed: WECHAT_CLOUD_API_BASE is not configured
cloud fetch status=allocated failed: WECHAT_CLOUD_API_BASE is not configured
cloud fetch status=completed failed: WECHAT_CLOUD_API_BASE is not configured
cloud fetch status=rejected failed: WECHAT_CLOUD_API_BASE is not configured
cloud fetch status=cancelled failed: WECHAT_CLOUD_API_BASE is not configured
cloud fetch status=pending failed: WECHAT_CLOUD_API_BASE is not configured
cloud fetch status=approved failed: WECHAT_CLOUD_API_BASE is not configured
cloud fetch status=contracted failed: WECHAT_CLOUD_API_BASE is not configured
cloud fetch status=partial_allocated failed: WECHAT_CLOUD_API_BASE is not configured
cloud fetch status=allocated failed: WECHAT_CLOUD_API_BASE is not configured
cloud fetch status=completed failed: WECHAT_CLOUD_API_BASE is not configured
cloud fetch status=rejected failed: WECHAT_CLOUD_API_BASE is not configured
cloud fetch status=cancelled failed: WECHAT_CLOUD_API_BASE is not configured
cloud fetch status=pending failed: WECHAT_CLOUD_API_BASE is not configured
cloud fetch status=approved failed: WECHAT_CLOUD_API_BASE is not configured
cloud fetch status=partial_allocated failed: WECHAT_CLOUD_API_BASE is not configured
cloud fetch status=contracted failed: WECHAT_CLOUD_API_BASE is not configured
cloud fetch status=allocated failed: WECHAT_CLOUD_API_BASE is not configured
cloud fetch status=completed failed: WECHAT_CLOUD_API_BASE is not configured
cloud fetch status=rejected failed: WECHAT_CLOUD_API_BASE is not configured
cloud fetch status=cancelled failed: WECHAT_CLOUD_API_BASE is not configured
cloud fetch status=pending failed: WECHAT_CLOUD_API_BASE is not configured
cloud fetch status=approved failed: WECHAT_CLOUD_API_BASE is not configured
cloud fetch status=contracted failed: WECHAT_CLOUD_API_BASE is not configured
cloud fetch status=partial_allocated failed: WECHAT_CLOUD_API_BASE is not configured
cloud fetch status=allocated failed: WECHAT_CLOUD_API_BASE is not configured
cloud fetch status=completed failed: WECHAT_CLOUD_API_BASE is not configured
cloud fetch status=rejected failed: WECHAT_CLOUD_API_BASE is not configured
cloud fetch status=cancelled failed: WECHAT_CLOUD_API_BASE is not configured
cloud fetch status=pending failed: WECHAT_CLOUD_API_BASE is not configured
cloud fetch status=contracted failed: WECHAT_CLOUD_API_BASE is not configured
cloud fetch status=approved failed: WECHAT_CLOUD_API_BASE is not configured
cloud fetch status=partial_allocated failed: WECHAT_CLOUD_API_BASE is not configured
cloud fetch status=allocated failed: WECHAT_CLOUD_API_BASE is not configured
cloud fetch status=rejected failed: WECHAT_CLOUD_API_BASE is not configured
cloud fetch status=completed failed: WECHAT_CLOUD_API_BASE is not configured
cloud fetch status=cancelled failed: WECHAT_CLOUD_API_BASE is not configured
cloud fetch status=pending failed: WECHAT_CLOUD_API_BASE is not configured
cloud fetch status=approved failed: WECHAT_CLOUD_API_BASE is not configured
cloud fetch status=contracted failed: WECHAT_CLOUD_API_BASE is not configured
cloud fetch status=partial_allocated failed: WECHAT_CLOUD_API_BASE is not configured
cloud fetch status=allocated failed: WECHAT_CLOUD_API_BASE is not configured
cloud fetch status=completed failed: WECHAT_CLOUD_API_BASE is not configured
cloud fetch status=cancelled failed: WECHAT_CLOUD_API_BASE is not configured
cloud fetch status=rejected failed: WECHAT_CLOUD_API_BASE is not configured
cloud sync event failed: v8-outbox-wechat_batch_summary_sync-c56fd797818449ee963c13ef63dd9e44 WECHAT_CLOUD_API_BASE is not configured
cloud sync event failed: v8-outbox-wechat_batch_summary_sync-9ef948fa045f40acbf0e4912b6b23aff WECHAT_CLOUD_API_BASE is not configured
cloud sync event failed: v8-outbox-wechat_batch_summary_sync-6c496a95305249179993bb63dbfdd031 WECHAT_CLOUD_API_BASE is not configured
cloud sync event failed: v8-outbox-wechat_batch_summary_sync-3d62021a6b4e4c428b2bcfb4a83f2dbd WECHAT_CLOUD_API_BASE is not configured
cloud sync event failed: v8-outbox-wechat_batch_summary_sync-e75ae53d1a4b46f781eae8f34fc19950 WECHAT_CLOUD_API_BASE is not configured
cloud sync event failed: v8-outbox-wechat_batch_summary_sync-42c877078ffa44c688d2db8d0d3b9a99 WECHAT_CLOUD_API_BASE is not configured
cloud sync event failed: v8-outbox-wechat_batch_summary_sync-60fb241901b14a17be225de8182b88bf WECHAT_CLOUD_API_BASE is not configured
cloud sync event failed: v8-outbox-wechat_batch_summary_sync-154b774b13e54551b41a573d60c04812 WECHAT_CLOUD_API_BASE is not configured
cloud sync event failed: v8-outbox-wechat_batch_summary_sync-5a42293a26094d7397718b2e72e7b3c9 WECHAT_CLOUD_API_BASE is not configured
cloud sync event failed: v8-outbox-wechat_batch_summary_sync-54f7f6be01d5497a8156afb0a56d7dee WECHAT_CLOUD_API_BASE is not configured
cloud sync event failed: v8-outbox-wechat_batch_summary_sync-336f6de3d0ef4c5b8db4910999445ffa WECHAT_CLOUD_API_BASE is not configured
cloud sync event failed: v8-outbox-wechat_batch_summary_sync-2ca79fcfa37849ddaeafd235ab7d34c8 WECHAT_CLOUD_API_BASE is not configured
cloud sync event failed: v8-outbox-wechat_batch_summary_sync-8bd7cdd42f534cb0b85d151f04775148 WECHAT_CLOUD_API_BASE is not configured
cloud sync event failed: v8-outbox-wechat_batch_summary_sync-3a763602b8b0483590ac9c323b823e35 WECHAT_CLOUD_API_BASE is not configured
cloud sync event failed: v8-outbox-wechat_batch_summary_sync-07cf1aff761a45d5a16627c2d09b04c3 WECHAT_CLOUD_API_BASE is not configured
cloud sync event failed: v8-outbox-wechat_batch_summary_sync-edd9264512954288a9f44573c76d2ea3 WECHAT_CLOUD_API_BASE is not configured
cloud sync event failed: v8-outbox-wechat_batch_summary_sync-c8dce93a664f4e0e9604c483a631d2de WECHAT_CLOUD_API_BASE is not configured
cloud sync event failed: v8-outbox-wechat_batch_summary_sync-0337518b49ff4cc6bde1f3c76c746bd2 WECHAT_CLOUD_API_BASE is not configured
cloud fetch status=pending failed: WECHAT_CLOUD_API_BASE is not configured
cloud fetch status=contracted failed: WECHAT_CLOUD_API_BASE is not configured
cloud fetch status=partial_allocated failed: WECHAT_CLOUD_API_BASE is not configured
cloud fetch status=approved failed: WECHAT_CLOUD_API_BASE is not configured
cloud fetch status=allocated failed: WECHAT_CLOUD_API_BASE is not configured
cloud fetch status=completed failed: WECHAT_CLOUD_API_BASE is not configured
cloud fetch status=cancelled failed: WECHAT_CLOUD_API_BASE is not configured
cloud fetch status=rejected failed: WECHAT_CLOUD_API_BASE is not configured
cloud fetch status=pending failed: WECHAT_CLOUD_API_BASE is not configured
cloud fetch status=approved failed: WECHAT_CLOUD_API_BASE is not configured
cloud fetch status=contracted failed: WECHAT_CLOUD_API_BASE is not configured
cloud fetch status=partial_allocated failed: WECHAT_CLOUD_API_BASE is not configured
cloud fetch status=allocated failed: WECHAT_CLOUD_API_BASE is not configured
cloud fetch status=completed failed: WECHAT_CLOUD_API_BASE is not configured
cloud fetch status=cancelled failed: WECHAT_CLOUD_API_BASE is not configured
cloud fetch status=rejected failed: WECHAT_CLOUD_API_BASE is not configured
cloud fetch status=approved failed: WECHAT_CLOUD_API_BASE is not configured
cloud fetch status=pending failed: WECHAT_CLOUD_API_BASE is not configured
cloud fetch status=contracted failed: WECHAT_CLOUD_API_BASE is not configured
cloud fetch status=partial_allocated failed: WECHAT_CLOUD_API_BASE is not configured
cloud fetch status=allocated failed: WECHAT_CLOUD_API_BASE is not configured
cloud fetch status=completed failed: WECHAT_CLOUD_API_BASE is not configured
cloud fetch status=rejected failed: WECHAT_CLOUD_API_BASE is not configured
cloud fetch status=cancelled failed: WECHAT_CLOUD_API_BASE is not configured
cloud fetch status=pending failed: WECHAT_CLOUD_API_BASE is not configured
cloud fetch status=approved failed: WECHAT_CLOUD_API_BASE is not configured
cloud fetch status=contracted failed: WECHAT_CLOUD_API_BASE is not configured
cloud fetch status=partial_allocated failed: WECHAT_CLOUD_API_BASE is not configured
cloud fetch status=allocated failed: WECHAT_CLOUD_API_BASE is not configured
cloud fetch status=completed failed: WECHAT_CLOUD_API_BASE is not configured
cloud fetch status=rejected failed: WECHAT_CLOUD_API_BASE is not configured
cloud fetch status=cancelled failed: WECHAT_CLOUD_API_BASE is not configured
cloud fetch status=pending failed: WECHAT_CLOUD_API_BASE is not configured
cloud fetch status=partial_allocated failed: WECHAT_CLOUD_API_BASE is not configured
cloud fetch status=approved failed: WECHAT_CLOUD_API_BASE is not configured
cloud fetch status=contracted failed: WECHAT_CLOUD_API_BASE is not configured
cloud fetch status=allocated failed: WECHAT_CLOUD_API_BASE is not configured
cloud fetch status=completed failed: WECHAT_CLOUD_API_BASE is not configured
cloud fetch status=rejected failed: WECHAT_CLOUD_API_BASE is not configured
cloud fetch status=cancelled failed: WECHAT_CLOUD_API_BASE is not configured
cloud fetch status=pending failed: WECHAT_CLOUD_API_BASE is not configured
cloud fetch status=approved failed: WECHAT_CLOUD_API_BASE is not configured
cloud fetch status=partial_allocated failed: WECHAT_CLOUD_API_BASE is not configured
cloud fetch status=contracted failed: WECHAT_CLOUD_API_BASE is not configured
cloud fetch status=allocated failed: WECHAT_CLOUD_API_BASE is not configured
cloud fetch status=completed failed: WECHAT_CLOUD_API_BASE is not configured
cloud fetch status=rejected failed: WECHAT_CLOUD_API_BASE is not configured
cloud fetch status=cancelled failed: WECHAT_CLOUD_API_BASE is not configured
cloud fetch status=pending failed: WECHAT_CLOUD_API_BASE is not configured
cloud fetch status=approved failed: WECHAT_CLOUD_API_BASE is not configured
cloud fetch status=contracted failed: WECHAT_CLOUD_API_BASE is not configured
cloud fetch status=partial_allocated failed: WECHAT_CLOUD_API_BASE is not configured
cloud fetch status=allocated failed: WECHAT_CLOUD_API_BASE is not configured
cloud fetch status=completed failed: WECHAT_CLOUD_API_BASE is not configured
cloud fetch status=rejected failed: WECHAT_CLOUD_API_BASE is not configured
cloud fetch status=cancelled failed: WECHAT_CLOUD_API_BASE is not configured
cloud fetch status=pending failed: WECHAT_CLOUD_API_BASE is not configured
cloud fetch status=contracted failed: WECHAT_CLOUD_API_BASE is not configured
cloud fetch status=partial_allocated failed: WECHAT_CLOUD_API_BASE is not configured
cloud fetch status=approved failed: WECHAT_CLOUD_API_BASE is not configured
cloud fetch status=allocated failed: WECHAT_CLOUD_API_BASE is not configured
cloud fetch status=completed failed: WECHAT_CLOUD_API_BASE is not configured
cloud fetch status=rejected failed: WECHAT_CLOUD_API_BASE is not configured
cloud fetch status=cancelled failed: WECHAT_CLOUD_API_BASE is not configured
cloud fetch status=pending failed: WECHAT_CLOUD_API_BASE is not configured
cloud fetch status=approved failed: WECHAT_CLOUD_API_BASE is not configured
cloud fetch status=contracted failed: WECHAT_CLOUD_API_BASE is not configured
cloud fetch status=partial_allocated failed: WECHAT_CLOUD_API_BASE is not configured
cloud fetch status=allocated failed: WECHAT_CLOUD_API_BASE is not configured
cloud fetch status=rejected failed: WECHAT_CLOUD_API_BASE is not configured
cloud fetch status=completed failed: WECHAT_CLOUD_API_BASE is not configured
cloud fetch status=cancelled failed: WECHAT_CLOUD_API_BASE is not configured
cloud fetch status=pending failed: WECHAT_CLOUD_API_BASE is not configured
cloud fetch status=approved failed: WECHAT_CLOUD_API_BASE is not configured
cloud fetch status=partial_allocated failed: WECHAT_CLOUD_API_BASE is not configured
cloud fetch status=contracted failed: WECHAT_CLOUD_API_BASE is not configured
cloud fetch status=allocated failed: WECHAT_CLOUD_API_BASE is not configured
cloud fetch status=completed failed: WECHAT_CLOUD_API_BASE is not configured
cloud fetch status=rejected failed: WECHAT_CLOUD_API_BASE is not configured
cloud fetch status=cancelled failed: WECHAT_CLOUD_API_BASE is not configured
cloud sync event failed: v8-outbox-wechat_batch_summary_sync-c56fd797818449ee963c13ef63dd9e44 WECHAT_CLOUD_API_BASE is not configured
cloud sync event failed: v8-outbox-wechat_batch_summary_sync-9ef948fa045f40acbf0e4912b6b23aff WECHAT_CLOUD_API_BASE is not configured
cloud sync event failed: v8-outbox-wechat_batch_summary_sync-6c496a95305249179993bb63dbfdd031 WECHAT_CLOUD_API_BASE is not configured
cloud sync event failed: v8-outbox-wechat_batch_summary_sync-3d62021a6b4e4c428b2bcfb4a83f2dbd WECHAT_CLOUD_API_BASE is not configured
cloud sync event failed: v8-outbox-wechat_batch_summary_sync-e75ae53d1a4b46f781eae8f34fc19950 WECHAT_CLOUD_API_BASE is not configured
cloud sync event failed: v8-outbox-wechat_batch_summary_sync-42c877078ffa44c688d2db8d0d3b9a99 WECHAT_CLOUD_API_BASE is not configured
cloud sync event failed: v8-outbox-wechat_batch_summary_sync-60fb241901b14a17be225de8182b88bf WECHAT_CLOUD_API_BASE is not configured
cloud sync event failed: v8-outbox-wechat_batch_summary_sync-154b774b13e54551b41a573d60c04812 WECHAT_CLOUD_API_BASE is not configured
cloud sync event failed: v8-outbox-wechat_batch_summary_sync-5a42293a26094d7397718b2e72e7b3c9 WECHAT_CLOUD_API_BASE is not configured
cloud sync event failed: v8-outbox-wechat_batch_summary_sync-54f7f6be01d5497a8156afb0a56d7dee WECHAT_CLOUD_API_BASE is not configured
cloud sync event failed: v8-outbox-wechat_batch_summary_sync-336f6de3d0ef4c5b8db4910999445ffa WECHAT_CLOUD_API_BASE is not configured
cloud sync event failed: v8-outbox-wechat_batch_summary_sync-2ca79fcfa37849ddaeafd235ab7d34c8 WECHAT_CLOUD_API_BASE is not configured
cloud sync event failed: v8-outbox-wechat_batch_summary_sync-8bd7cdd42f534cb0b85d151f04775148 WECHAT_CLOUD_API_BASE is not configured
cloud sync event failed: v8-outbox-wechat_batch_summary_sync-3a763602b8b0483590ac9c323b823e35 WECHAT_CLOUD_API_BASE is not configured
cloud sync event failed: v8-outbox-wechat_batch_summary_sync-07cf1aff761a45d5a16627c2d09b04c3 WECHAT_CLOUD_API_BASE is not configured
cloud sync event failed: v8-outbox-wechat_batch_summary_sync-edd9264512954288a9f44573c76d2ea3 WECHAT_CLOUD_API_BASE is not configured
cloud sync event failed: v8-outbox-wechat_batch_summary_sync-c8dce93a664f4e0e9604c483a631d2de WECHAT_CLOUD_API_BASE is not configured
cloud sync event failed: v8-outbox-wechat_batch_summary_sync-0337518b49ff4cc6bde1f3c76c746bd2 WECHAT_CLOUD_API_BASE is not configured
cloud fetch status=pending failed: WECHAT_CLOUD_API_BASE is not configured
cloud fetch status=approved failed: WECHAT_CLOUD_API_BASE is not configured
cloud fetch status=contracted failed: WECHAT_CLOUD_API_BASE is not configured
cloud fetch status=partial_allocated failed: WECHAT_CLOUD_API_BASE is not configured
cloud fetch status=allocated failed: WECHAT_CLOUD_API_BASE is not configured
cloud fetch status=completed failed: WECHAT_CLOUD_API_BASE is not configured
cloud fetch status=rejected failed: WECHAT_CLOUD_API_BASE is not configured
cloud fetch status=cancelled failed: WECHAT_CLOUD_API_BASE is not configured
cloud fetch status=pending failed: WECHAT_CLOUD_API_BASE is not configured
cloud fetch status=contracted failed: WECHAT_CLOUD_API_BASE is not configured
cloud fetch status=partial_allocated failed: WECHAT_CLOUD_API_BASE is not configured
cloud fetch status=approved failed: WECHAT_CLOUD_API_BASE is not configured
cloud fetch status=allocated failed: WECHAT_CLOUD_API_BASE is not configured
cloud fetch status=completed failed: WECHAT_CLOUD_API_BASE is not configured
cloud fetch status=rejected failed: WECHAT_CLOUD_API_BASE is not configured
cloud fetch status=cancelled failed: WECHAT_CLOUD_API_BASE is not configured
cloud fetch status=pending failed: WECHAT_CLOUD_API_BASE is not configured
cloud fetch status=approved failed: WECHAT_CLOUD_API_BASE is not configured
cloud fetch status=contracted failed: WECHAT_CLOUD_API_BASE is not configured
cloud fetch status=partial_allocated failed: WECHAT_CLOUD_API_BASE is not configured
cloud fetch status=allocated failed: WECHAT_CLOUD_API_BASE is not configured
cloud fetch status=completed failed: WECHAT_CLOUD_API_BASE is not configured
cloud fetch status=rejected failed: WECHAT_CLOUD_API_BASE is not configured
cloud fetch status=cancelled failed: WECHAT_CLOUD_API_BASE is not configured
cloud fetch status=pending failed: WECHAT_CLOUD_API_BASE is not configured
cloud fetch status=approved failed: WECHAT_CLOUD_API_BASE is not configured
cloud fetch status=contracted failed: WECHAT_CLOUD_API_BASE is not configured
cloud fetch status=partial_allocated failed: WECHAT_CLOUD_API_BASE is not configured
cloud fetch status=allocated failed: WECHAT_CLOUD_API_BASE is not configured
cloud fetch status=completed failed: WECHAT_CLOUD_API_BASE is not configured
cloud fetch status=rejected failed: WECHAT_CLOUD_API_BASE is not configured
cloud fetch status=cancelled failed: WECHAT_CLOUD_API_BASE is not configured
cloud fetch status=pending failed: WECHAT_CLOUD_API_BASE is not configured
cloud fetch status=approved failed: WECHAT_CLOUD_API_BASE is not configured
cloud fetch status=contracted failed: WECHAT_CLOUD_API_BASE is not configured
cloud fetch status=partial_allocated failed: WECHAT_CLOUD_API_BASE is not configured
cloud fetch status=allocated failed: WECHAT_CLOUD_API_BASE is not configured
cloud fetch status=rejected failed: WECHAT_CLOUD_API_BASE is not configured
cloud fetch status=completed failed: WECHAT_CLOUD_API_BASE is not configured
cloud fetch status=cancelled failed: WECHAT_CLOUD_API_BASE is not configured
cloud fetch status=pending failed: WECHAT_CLOUD_API_BASE is not configured
cloud fetch status=approved failed: WECHAT_CLOUD_API_BASE is not configured
cloud fetch status=contracted failed: WECHAT_CLOUD_API_BASE is not configured
cloud fetch status=partial_allocated failed: WECHAT_CLOUD_API_BASE is not configured
cloud fetch status=allocated failed: WECHAT_CLOUD_API_BASE is not configured
cloud fetch status=completed failed: WECHAT_CLOUD_API_BASE is not configured
cloud fetch status=cancelled failed: WECHAT_CLOUD_API_BASE is not configured
cloud fetch status=rejected failed: WECHAT_CLOUD_API_BASE is not configured
cloud fetch status=approved failed: WECHAT_CLOUD_API_BASE is not configured
cloud fetch status=pending failed: WECHAT_CLOUD_API_BASE is not configured
cloud fetch status=partial_allocated failed: WECHAT_CLOUD_API_BASE is not configured
cloud fetch status=contracted failed: WECHAT_CLOUD_API_BASE is not configured
cloud fetch status=allocated failed: WECHAT_CLOUD_API_BASE is not configured
cloud fetch status=completed failed: WECHAT_CLOUD_API_BASE is not configured
cloud fetch status=rejected failed: WECHAT_CLOUD_API_BASE is not configured
cloud fetch status=cancelled failed: WECHAT_CLOUD_API_BASE is not configured
cloud fetch status=approved failed: WECHAT_CLOUD_API_BASE is not configured
cloud fetch status=pending failed: WECHAT_CLOUD_API_BASE is not configured
cloud fetch status=contracted failed: WECHAT_CLOUD_API_BASE is not configured
cloud fetch status=partial_allocated failed: WECHAT_CLOUD_API_BASE is not configured
cloud fetch status=allocated failed: WECHAT_CLOUD_API_BASE is not configured
cloud fetch status=completed failed: WECHAT_CLOUD_API_BASE is not configured
cloud fetch status=rejected failed: WECHAT_CLOUD_API_BASE is not configured
cloud fetch status=cancelled failed: WECHAT_CLOUD_API_BASE is not configured
cloud fetch status=pending failed: WECHAT_CLOUD_API_BASE is not configured
cloud fetch status=approved failed: WECHAT_CLOUD_API_BASE is not configured
cloud fetch status=partial_allocated failed: WECHAT_CLOUD_API_BASE is not configured
cloud fetch status=contracted failed: WECHAT_CLOUD_API_BASE is not configured
cloud fetch status=allocated failed: WECHAT_CLOUD_API_BASE is not configured
cloud fetch status=completed failed: WECHAT_CLOUD_API_BASE is not configured
cloud fetch status=rejected failed: WECHAT_CLOUD_API_BASE is not configured
cloud fetch status=cancelled failed: WECHAT_CLOUD_API_BASE is not configured
cloud fetch status=pending failed: WECHAT_CLOUD_API_BASE is not configured
cloud fetch status=approved failed: WECHAT_CLOUD_API_BASE is not configured
cloud fetch status=partial_allocated failed: WECHAT_CLOUD_API_BASE is not configured
cloud fetch status=contracted failed: WECHAT_CLOUD_API_BASE is not configured
cloud fetch status=allocated failed: WECHAT_CLOUD_API_BASE is not configured
cloud fetch status=completed failed: WECHAT_CLOUD_API_BASE is not configured
cloud fetch status=rejected failed: WECHAT_CLOUD_API_BASE is not configured
cloud fetch status=cancelled failed: WECHAT_CLOUD_API_BASE is not configured
cloud sync event failed: v8-outbox-wechat_batch_summary_sync-c56fd797818449ee963c13ef63dd9e44 WECHAT_CLOUD_API_BASE is not configured
cloud sync event failed: v8-outbox-wechat_batch_summary_sync-9ef948fa045f40acbf0e4912b6b23aff WECHAT_CLOUD_API_BASE is not configured
cloud sync event failed: v8-outbox-wechat_batch_summary_sync-6c496a95305249179993bb63dbfdd031 WECHAT_CLOUD_API_BASE is not configured
cloud sync event failed: v8-outbox-wechat_batch_summary_sync-3d62021a6b4e4c428b2bcfb4a83f2dbd WECHAT_CLOUD_API_BASE is not configured
cloud sync event failed: v8-outbox-wechat_batch_summary_sync-e75ae53d1a4b46f781eae8f34fc19950 WECHAT_CLOUD_API_BASE is not configured
cloud sync event failed: v8-outbox-wechat_batch_summary_sync-42c877078ffa44c688d2db8d0d3b9a99 WECHAT_CLOUD_API_BASE is not configured
cloud sync event failed: v8-outbox-wechat_batch_summary_sync-60fb241901b14a17be225de8182b88bf WECHAT_CLOUD_API_BASE is not configured
cloud sync event failed: v8-outbox-wechat_batch_summary_sync-154b774b13e54551b41a573d60c04812 WECHAT_CLOUD_API_BASE is not configured
cloud sync event failed: v8-outbox-wechat_batch_summary_sync-5a42293a26094d7397718b2e72e7b3c9 WECHAT_CLOUD_API_BASE is not configured
cloud sync event failed: v8-outbox-wechat_batch_summary_sync-54f7f6be01d5497a8156afb0a56d7dee WECHAT_CLOUD_API_BASE is not configured
cloud sync event failed: v8-outbox-wechat_batch_summary_sync-336f6de3d0ef4c5b8db4910999445ffa WECHAT_CLOUD_API_BASE is not configured
cloud sync event failed: v8-outbox-wechat_batch_summary_sync-2ca79fcfa37849ddaeafd235ab7d34c8 WECHAT_CLOUD_API_BASE is not configured
cloud sync event failed: v8-outbox-wechat_batch_summary_sync-8bd7cdd42f534cb0b85d151f04775148 WECHAT_CLOUD_API_BASE is not configured
cloud sync event failed: v8-outbox-wechat_batch_summary_sync-3a763602b8b0483590ac9c323b823e35 WECHAT_CLOUD_API_BASE is not configured
cloud sync event failed: v8-outbox-wechat_batch_summary_sync-07cf1aff761a45d5a16627c2d09b04c3 WECHAT_CLOUD_API_BASE is not configured
cloud sync event failed: v8-outbox-wechat_batch_summary_sync-edd9264512954288a9f44573c76d2ea3 WECHAT_CLOUD_API_BASE is not configured
cloud sync event failed: v8-outbox-wechat_batch_summary_sync-c8dce93a664f4e0e9604c483a631d2de WECHAT_CLOUD_API_BASE is not configured
cloud sync event failed: v8-outbox-wechat_batch_summary_sync-0337518b49ff4cc6bde1f3c76c746bd2 WECHAT_CLOUD_API_BASE is not configured
cloud fetch status=pending failed: WECHAT_CLOUD_API_BASE is not configured
cloud fetch status=approved failed: WECHAT_CLOUD_API_BASE is not configured
cloud fetch status=contracted failed: WECHAT_CLOUD_API_BASE is not configured
cloud fetch status=partial_allocated failed: WECHAT_CLOUD_API_BASE is not configured
cloud fetch status=allocated failed: WECHAT_CLOUD_API_BASE is not configured
cloud fetch status=completed failed: WECHAT_CLOUD_API_BASE is not configured
cloud fetch status=cancelled failed: WECHAT_CLOUD_API_BASE is not configured
cloud fetch status=rejected failed: WECHAT_CLOUD_API_BASE is not configured
cloud fetch status=approved failed: WECHAT_CLOUD_API_BASE is not configured
cloud fetch status=pending failed: WECHAT_CLOUD_API_BASE is not configured
cloud fetch status=partial_allocated failed: WECHAT_CLOUD_API_BASE is not configured
cloud fetch status=contracted failed: WECHAT_CLOUD_API_BASE is not configured
cloud fetch status=allocated failed: WECHAT_CLOUD_API_BASE is not configured
cloud fetch status=completed failed: WECHAT_CLOUD_API_BASE is not configured
cloud fetch status=cancelled failed: WECHAT_CLOUD_API_BASE is not configured
cloud fetch status=rejected failed: WECHAT_CLOUD_API_BASE is not configured
cloud fetch status=pending failed: WECHAT_CLOUD_API_BASE is not configured
cloud fetch status=contracted failed: WECHAT_CLOUD_API_BASE is not configured
cloud fetch status=approved failed: WECHAT_CLOUD_API_BASE is not configured
cloud fetch status=partial_allocated failed: WECHAT_CLOUD_API_BASE is not configured
cloud fetch status=allocated failed: WECHAT_CLOUD_API_BASE is not configured
cloud fetch status=completed failed: WECHAT_CLOUD_API_BASE is not configured
cloud fetch status=rejected failed: WECHAT_CLOUD_API_BASE is not configured
cloud fetch status=cancelled failed: WECHAT_CLOUD_API_BASE is not configured
cloud fetch status=pending failed: WECHAT_CLOUD_API_BASE is not configured
cloud fetch status=contracted failed: WECHAT_CLOUD_API_BASE is not configured
cloud fetch status=approved failed: WECHAT_CLOUD_API_BASE is not configured
cloud fetch status=partial_allocated failed: WECHAT_CLOUD_API_BASE is not configured
cloud fetch status=allocated failed: WECHAT_CLOUD_API_BASE is not configured
cloud fetch status=completed failed: WECHAT_CLOUD_API_BASE is not configured
cloud fetch status=rejected failed: WECHAT_CLOUD_API_BASE is not configured
cloud fetch status=cancelled failed: WECHAT_CLOUD_API_BASE is not configured
cloud fetch status=approved failed: WECHAT_CLOUD_API_BASE is not configured
cloud fetch status=pending failed: WECHAT_CLOUD_API_BASE is not configured
cloud fetch status=contracted failed: WECHAT_CLOUD_API_BASE is not configured
cloud fetch status=partial_allocated failed: WECHAT_CLOUD_API_BASE is not configured
cloud fetch status=completed failed: WECHAT_CLOUD_API_BASE is not configured
cloud fetch status=allocated failed: WECHAT_CLOUD_API_BASE is not configured
cloud fetch status=cancelled failed: WECHAT_CLOUD_API_BASE is not configured
cloud fetch status=rejected failed: WECHAT_CLOUD_API_BASE is not configured
cloud fetch status=pending failed: WECHAT_CLOUD_API_BASE is not configured
cloud fetch status=approved failed: WECHAT_CLOUD_API_BASE is not configured
cloud fetch status=contracted failed: WECHAT_CLOUD_API_BASE is not configured
cloud fetch status=partial_allocated failed: WECHAT_CLOUD_API_BASE is not configured
cloud fetch status=allocated failed: WECHAT_CLOUD_API_BASE is not configured
cloud fetch status=completed failed: WECHAT_CLOUD_API_BASE is not configured
cloud fetch status=rejected failed: WECHAT_CLOUD_API_BASE is not configured
cloud fetch status=cancelled failed: WECHAT_CLOUD_API_BASE is not configured
cloud fetch status=pending failed: WECHAT_CLOUD_API_BASE is not configured
cloud fetch status=approved failed: WECHAT_CLOUD_API_BASE is not configured
cloud fetch status=contracted failed: WECHAT_CLOUD_API_BASE is not configured
cloud fetch status=partial_allocated failed: WECHAT_CLOUD_API_BASE is not configured
cloud fetch status=allocated failed: WECHAT_CLOUD_API_BASE is not configured
cloud fetch status=completed failed: WECHAT_CLOUD_API_BASE is not configured
cloud fetch status=rejected failed: WECHAT_CLOUD_API_BASE is not configured
cloud fetch status=cancelled failed: WECHAT_CLOUD_API_BASE is not configured
cloud fetch status=pending failed: WECHAT_CLOUD_API_BASE is not configured
cloud fetch status=contracted failed: WECHAT_CLOUD_API_BASE is not configured
cloud fetch status=partial_allocated failed: WECHAT_CLOUD_API_BASE is not configured
cloud fetch status=approved failed: WECHAT_CLOUD_API_BASE is not configured
cloud fetch status=allocated failed: WECHAT_CLOUD_API_BASE is not configured
cloud fetch status=completed failed: WECHAT_CLOUD_API_BASE is not configured
cloud fetch status=rejected failed: WECHAT_CLOUD_API_BASE is not configured
cloud fetch status=cancelled failed: WECHAT_CLOUD_API_BASE is not configured
cloud fetch status=approved failed: WECHAT_CLOUD_API_BASE is not configured
cloud fetch status=pending failed: WECHAT_CLOUD_API_BASE is not configured
cloud fetch status=partial_allocated failed: WECHAT_CLOUD_API_BASE is not configured
cloud fetch status=contracted failed: WECHAT_CLOUD_API_BASE is not configured
cloud fetch status=allocated failed: WECHAT_CLOUD_API_BASE is not configured
cloud fetch status=completed failed: WECHAT_CLOUD_API_BASE is not configured
cloud fetch status=rejected failed: WECHAT_CLOUD_API_BASE is not configured
cloud fetch status=cancelled failed: WECHAT_CLOUD_API_BASE is not configured
cloud fetch status=pending failed: WECHAT_CLOUD_API_BASE is not configured
cloud fetch status=approved failed: WECHAT_CLOUD_API_BASE is not configured
cloud fetch status=partial_allocated failed: WECHAT_CLOUD_API_BASE is not configured
cloud fetch status=contracted failed: WECHAT_CLOUD_API_BASE is not configured
cloud fetch status=allocated failed: WECHAT_CLOUD_API_BASE is not configured
cloud fetch status=completed failed: WECHAT_CLOUD_API_BASE is not configured
cloud fetch status=rejected failed: WECHAT_CLOUD_API_BASE is not configured
cloud fetch status=cancelled failed: WECHAT_CLOUD_API_BASE is not configured
cloud sync event failed: v8-outbox-wechat_batch_summary_sync-c56fd797818449ee963c13ef63dd9e44 WECHAT_CLOUD_API_BASE is not configured
cloud sync event failed: v8-outbox-wechat_batch_summary_sync-9ef948fa045f40acbf0e4912b6b23aff WECHAT_CLOUD_API_BASE is not configured
cloud sync event failed: v8-outbox-wechat_batch_summary_sync-6c496a95305249179993bb63dbfdd031 WECHAT_CLOUD_API_BASE is not configured
cloud sync event failed: v8-outbox-wechat_batch_summary_sync-3d62021a6b4e4c428b2bcfb4a83f2dbd WECHAT_CLOUD_API_BASE is not configured
cloud sync event failed: v8-outbox-wechat_batch_summary_sync-e75ae53d1a4b46f781eae8f34fc19950 WECHAT_CLOUD_API_BASE is not configured
cloud sync event failed: v8-outbox-wechat_batch_summary_sync-42c877078ffa44c688d2db8d0d3b9a99 WECHAT_CLOUD_API_BASE is not configured
cloud sync event failed: v8-outbox-wechat_batch_summary_sync-60fb241901b14a17be225de8182b88bf WECHAT_CLOUD_API_BASE is not configured
cloud sync event failed: v8-outbox-wechat_batch_summary_sync-154b774b13e54551b41a573d60c04812 WECHAT_CLOUD_API_BASE is not configured
cloud sync event failed: v8-outbox-wechat_batch_summary_sync-5a42293a26094d7397718b2e72e7b3c9 WECHAT_CLOUD_API_BASE is not configured
cloud sync event failed: v8-outbox-wechat_batch_summary_sync-54f7f6be01d5497a8156afb0a56d7dee WECHAT_CLOUD_API_BASE is not configured
cloud sync event failed: v8-outbox-wechat_batch_summary_sync-336f6de3d0ef4c5b8db4910999445ffa WECHAT_CLOUD_API_BASE is not configured
cloud sync event failed: v8-outbox-wechat_batch_summary_sync-2ca79fcfa37849ddaeafd235ab7d34c8 WECHAT_CLOUD_API_BASE is not configured
cloud sync event failed: v8-outbox-wechat_batch_summary_sync-8bd7cdd42f534cb0b85d151f04775148 WECHAT_CLOUD_API_BASE is not configured
cloud sync event failed: v8-outbox-wechat_batch_summary_sync-3a763602b8b0483590ac9c323b823e35 WECHAT_CLOUD_API_BASE is not configured
cloud sync event failed: v8-outbox-wechat_batch_summary_sync-07cf1aff761a45d5a16627c2d09b04c3 WECHAT_CLOUD_API_BASE is not configured
cloud sync event failed: v8-outbox-wechat_batch_summary_sync-edd9264512954288a9f44573c76d2ea3 WECHAT_CLOUD_API_BASE is not configured
cloud sync event failed: v8-outbox-wechat_batch_summary_sync-c8dce93a664f4e0e9604c483a631d2de WECHAT_CLOUD_API_BASE is not configured
cloud sync event failed: v8-outbox-wechat_batch_summary_sync-0337518b49ff4cc6bde1f3c76c746bd2 WECHAT_CLOUD_API_BASE is not configured
cloud fetch status=pending failed: WECHAT_CLOUD_API_BASE is not configured
cloud fetch status=approved failed: WECHAT_CLOUD_API_BASE is not configured
cloud fetch status=contracted failed: WECHAT_CLOUD_API_BASE is not configured
cloud fetch status=partial_allocated failed: WECHAT_CLOUD_API_BASE is not configured
cloud fetch status=allocated failed: WECHAT_CLOUD_API_BASE is not configured
cloud fetch status=completed failed: WECHAT_CLOUD_API_BASE is not configured
cloud fetch status=rejected failed: WECHAT_CLOUD_API_BASE is not configured
cloud fetch status=cancelled failed: WECHAT_CLOUD_API_BASE is not configured
cloud fetch status=pending failed: WECHAT_CLOUD_API_BASE is not configured
cloud fetch status=approved failed: WECHAT_CLOUD_API_BASE is not configured
cloud fetch status=contracted failed: WECHAT_CLOUD_API_BASE is not configured
cloud fetch status=partial_allocated failed: WECHAT_CLOUD_API_BASE is not configured
cloud fetch status=allocated failed: WECHAT_CLOUD_API_BASE is not configured
cloud fetch status=completed failed: WECHAT_CLOUD_API_BASE is not configured
cloud fetch status=rejected failed: WECHAT_CLOUD_API_BASE is not configured
cloud fetch status=cancelled failed: WECHAT_CLOUD_API_BASE is not configured
cloud fetch status=pending failed: WECHAT_CLOUD_API_BASE is not configured
cloud fetch status=approved failed: WECHAT_CLOUD_API_BASE is not configured
cloud fetch status=contracted failed: WECHAT_CLOUD_API_BASE is not configured
cloud fetch status=partial_allocated failed: WECHAT_CLOUD_API_BASE is not configured
cloud fetch status=allocated failed: WECHAT_CLOUD_API_BASE is not configured
cloud fetch status=completed failed: WECHAT_CLOUD_API_BASE is not configured
cloud fetch status=rejected failed: WECHAT_CLOUD_API_BASE is not configured
cloud fetch status=cancelled failed: WECHAT_CLOUD_API_BASE is not configured
cloud fetch status=pending failed: WECHAT_CLOUD_API_BASE is not configured
cloud fetch status=approved failed: WECHAT_CLOUD_API_BASE is not configured
cloud fetch status=contracted failed: WECHAT_CLOUD_API_BASE is not configured
cloud fetch status=partial_allocated failed: WECHAT_CLOUD_API_BASE is not configured
cloud fetch status=allocated failed: WECHAT_CLOUD_API_BASE is not configured
cloud fetch status=rejected failed: WECHAT_CLOUD_API_BASE is not configured
cloud fetch status=completed failed: WECHAT_CLOUD_API_BASE is not configured
cloud fetch status=cancelled failed: WECHAT_CLOUD_API_BASE is not configured
cloud fetch status=pending failed: WECHAT_CLOUD_API_BASE is not configured
cloud fetch status=partial_allocated failed: WECHAT_CLOUD_API_BASE is not configured
cloud fetch status=approved failed: WECHAT_CLOUD_API_BASE is not configured
cloud fetch status=contracted failed: WECHAT_CLOUD_API_BASE is not configured
cloud fetch status=allocated failed: WECHAT_CLOUD_API_BASE is not configured
cloud fetch status=completed failed: WECHAT_CLOUD_API_BASE is not configured
cloud fetch status=rejected failed: WECHAT_CLOUD_API_BASE is not configured
cloud fetch status=cancelled failed: WECHAT_CLOUD_API_BASE is not configured
cloud fetch status=pending failed: WECHAT_CLOUD_API_BASE is not configured
cloud fetch status=approved failed: WECHAT_CLOUD_API_BASE is not configured
cloud fetch status=contracted failed: WECHAT_CLOUD_API_BASE is not configured
cloud fetch status=partial_allocated failed: WECHAT_CLOUD_API_BASE is not configured
cloud fetch status=allocated failed: WECHAT_CLOUD_API_BASE is not configured
cloud fetch status=completed failed: WECHAT_CLOUD_API_BASE is not configured
cloud fetch status=rejected failed: WECHAT_CLOUD_API_BASE is not configured
cloud fetch status=cancelled failed: WECHAT_CLOUD_API_BASE is not configured
cloud fetch status=approved failed: WECHAT_CLOUD_API_BASE is not configured
cloud fetch status=pending failed: WECHAT_CLOUD_API_BASE is not configured
cloud fetch status=partial_allocated failed: WECHAT_CLOUD_API_BASE is not configured
cloud fetch status=contracted failed: WECHAT_CLOUD_API_BASE is not configured
cloud fetch status=allocated failed: WECHAT_CLOUD_API_BASE is not configured
cloud fetch status=completed failed: WECHAT_CLOUD_API_BASE is not configured
cloud fetch status=cancelled failed: WECHAT_CLOUD_API_BASE is not configured
cloud fetch status=rejected failed: WECHAT_CLOUD_API_BASE is not configured
cloud fetch status=pending failed: WECHAT_CLOUD_API_BASE is not configured
cloud fetch status=approved failed: WECHAT_CLOUD_API_BASE is not configured
cloud fetch status=partial_allocated failed: WECHAT_CLOUD_API_BASE is not configured
cloud fetch status=contracted failed: WECHAT_CLOUD_API_BASE is not configured
cloud fetch status=allocated failed: WECHAT_CLOUD_API_BASE is not configured
cloud fetch status=completed failed: WECHAT_CLOUD_API_BASE is not configured
cloud fetch status=cancelled failed: WECHAT_CLOUD_API_BASE is not configured
cloud fetch status=rejected failed: WECHAT_CLOUD_API_BASE is not configured
cloud fetch status=pending failed: WECHAT_CLOUD_API_BASE is not configured
cloud fetch status=approved failed: WECHAT_CLOUD_API_BASE is not configured
cloud fetch status=contracted failed: WECHAT_CLOUD_API_BASE is not configured
cloud fetch status=partial_allocated failed: WECHAT_CLOUD_API_BASE is not configured
cloud fetch status=allocated failed: WECHAT_CLOUD_API_BASE is not configured
cloud fetch status=completed failed: WECHAT_CLOUD_API_BASE is not configured
cloud fetch status=rejected failed: WECHAT_CLOUD_API_BASE is not configured
cloud fetch status=cancelled failed: WECHAT_CLOUD_API_BASE is not configured
cloud fetch status=pending failed: WECHAT_CLOUD_API_BASE is not configured
cloud fetch status=contracted failed: WECHAT_CLOUD_API_BASE is not configured
cloud fetch status=approved failed: WECHAT_CLOUD_API_BASE is not configured
cloud fetch status=partial_allocated failed: WECHAT_CLOUD_API_BASE is not configured
cloud fetch status=allocated failed: WECHAT_CLOUD_API_BASE is not configured
cloud fetch status=completed failed: WECHAT_CLOUD_API_BASE is not configured
cloud fetch status=rejected failed: WECHAT_CLOUD_API_BASE is not configured
cloud fetch status=cancelled failed: WECHAT_CLOUD_API_BASE is not configured
cloud sync event failed: v8-outbox-wechat_batch_summary_sync-c56fd797818449ee963c13ef63dd9e44 WECHAT_CLOUD_API_BASE is not configured
cloud sync event failed: v8-outbox-wechat_batch_summary_sync-9ef948fa045f40acbf0e4912b6b23aff WECHAT_CLOUD_API_BASE is not configured
cloud sync event failed: v8-outbox-wechat_batch_summary_sync-6c496a95305249179993bb63dbfdd031 WECHAT_CLOUD_API_BASE is not configured
cloud sync event failed: v8-outbox-wechat_batch_summary_sync-3d62021a6b4e4c428b2bcfb4a83f2dbd WECHAT_CLOUD_API_BASE is not configured
cloud sync event failed: v8-outbox-wechat_batch_summary_sync-e75ae53d1a4b46f781eae8f34fc19950 WECHAT_CLOUD_API_BASE is not configured
cloud sync event failed: v8-outbox-wechat_batch_summary_sync-42c877078ffa44c688d2db8d0d3b9a99 WECHAT_CLOUD_API_BASE is not configured
cloud sync event failed: v8-outbox-wechat_batch_summary_sync-60fb241901b14a17be225de8182b88bf WECHAT_CLOUD_API_BASE is not configured
cloud sync event failed: v8-outbox-wechat_batch_summary_sync-154b774b13e54551b41a573d60c04812 WECHAT_CLOUD_API_BASE is not configured
cloud sync event failed: v8-outbox-wechat_batch_summary_sync-5a42293a26094d7397718b2e72e7b3c9 WECHAT_CLOUD_API_BASE is not configured
cloud sync event failed: v8-outbox-wechat_batch_summary_sync-54f7f6be01d5497a8156afb0a56d7dee WECHAT_CLOUD_API_BASE is not configured
cloud sync event failed: v8-outbox-wechat_batch_summary_sync-336f6de3d0ef4c5b8db4910999445ffa WECHAT_CLOUD_API_BASE is not configured
cloud sync event failed: v8-outbox-wechat_batch_summary_sync-2ca79fcfa37849ddaeafd235ab7d34c8 WECHAT_CLOUD_API_BASE is not configured
cloud sync event failed: v8-outbox-wechat_batch_summary_sync-8bd7cdd42f534cb0b85d151f04775148 WECHAT_CLOUD_API_BASE is not configured
cloud sync event failed: v8-outbox-wechat_batch_summary_sync-3a763602b8b0483590ac9c323b823e35 WECHAT_CLOUD_API_BASE is not configured
cloud sync event failed: v8-outbox-wechat_batch_summary_sync-07cf1aff761a45d5a16627c2d09b04c3 WECHAT_CLOUD_API_BASE is not configured
cloud sync event failed: v8-outbox-wechat_batch_summary_sync-edd9264512954288a9f44573c76d2ea3 WECHAT_CLOUD_API_BASE is not configured
cloud sync event failed: v8-outbox-wechat_batch_summary_sync-c8dce93a664f4e0e9604c483a631d2de WECHAT_CLOUD_API_BASE is not configured
cloud sync event failed: v8-outbox-wechat_batch_summary_sync-0337518b49ff4cc6bde1f3c76c746bd2 WECHAT_CLOUD_API_BASE is not configured
cloud fetch status=pending failed: WECHAT_CLOUD_API_BASE is not configured
cloud fetch status=approved failed: WECHAT_CLOUD_API_BASE is not configured
cloud fetch status=contracted failed: WECHAT_CLOUD_API_BASE is not configured
cloud fetch status=partial_allocated failed: WECHAT_CLOUD_API_BASE is not configured
cloud fetch status=allocated failed: WECHAT_CLOUD_API_BASE is not configured
cloud fetch status=completed failed: WECHAT_CLOUD_API_BASE is not configured
cloud fetch status=rejected failed: WECHAT_CLOUD_API_BASE is not configured
cloud fetch status=cancelled failed: WECHAT_CLOUD_API_BASE is not configured
cloud fetch status=approved failed: WECHAT_CLOUD_API_BASE is not configured
cloud fetch status=pending failed: WECHAT_CLOUD_API_BASE is not configured
cloud fetch status=partial_allocated failed: WECHAT_CLOUD_API_BASE is not configured
cloud fetch status=contracted failed: WECHAT_CLOUD_API_BASE is not configured
cloud fetch status=allocated failed: WECHAT_CLOUD_API_BASE is not configured
cloud fetch status=rejected failed: WECHAT_CLOUD_API_BASE is not configured
cloud fetch status=completed failed: WECHAT_CLOUD_API_BASE is not configured
cloud fetch status=cancelled failed: WECHAT_CLOUD_API_BASE is not configured
cloud fetch status=pending failed: WECHAT_CLOUD_API_BASE is not configured
cloud fetch status=approved failed: WECHAT_CLOUD_API_BASE is not configured
cloud fetch status=contracted failed: WECHAT_CLOUD_API_BASE is not configured
cloud fetch status=partial_allocated failed: WECHAT_CLOUD_API_BASE is not configured
cloud fetch status=allocated failed: WECHAT_CLOUD_API_BASE is not configured
cloud fetch status=completed failed: WECHAT_CLOUD_API_BASE is not configured
cloud fetch status=rejected failed: WECHAT_CLOUD_API_BASE is not configured
cloud fetch status=cancelled failed: WECHAT_CLOUD_API_BASE is not configured
cloud fetch status=pending failed: WECHAT_CLOUD_API_BASE is not configured
cloud fetch status=approved failed: WECHAT_CLOUD_API_BASE is not configured
cloud fetch status=partial_allocated failed: WECHAT_CLOUD_API_BASE is not configured
cloud fetch status=contracted failed: WECHAT_CLOUD_API_BASE is not configured
cloud fetch status=allocated failed: WECHAT_CLOUD_API_BASE is not configured
cloud fetch status=completed failed: WECHAT_CLOUD_API_BASE is not configured
cloud fetch status=rejected failed: WECHAT_CLOUD_API_BASE is not configured
cloud fetch status=cancelled failed: WECHAT_CLOUD_API_BASE is not configured
cloud fetch status=pending failed: WECHAT_CLOUD_API_BASE is not configured
cloud fetch status=approved failed: WECHAT_CLOUD_API_BASE is not configured
cloud fetch status=partial_allocated failed: WECHAT_CLOUD_API_BASE is not configured
cloud fetch status=contracted failed: WECHAT_CLOUD_API_BASE is not configured
cloud fetch status=allocated failed: WECHAT_CLOUD_API_BASE is not configured
cloud fetch status=completed failed: WECHAT_CLOUD_API_BASE is not configured
cloud fetch status=rejected failed: WECHAT_CLOUD_API_BASE is not configured
cloud fetch status=cancelled failed: WECHAT_CLOUD_API_BASE is not configured
cloud fetch status=pending failed: WECHAT_CLOUD_API_BASE is not configured
cloud fetch status=approved failed: WECHAT_CLOUD_API_BASE is not configured
cloud fetch status=contracted failed: WECHAT_CLOUD_API_BASE is not configured
cloud fetch status=partial_allocated failed: WECHAT_CLOUD_API_BASE is not configured
cloud fetch status=allocated failed: WECHAT_CLOUD_API_BASE is not configured
cloud fetch status=completed failed: WECHAT_CLOUD_API_BASE is not configured
cloud fetch status=rejected failed: WECHAT_CLOUD_API_BASE is not configured
cloud fetch status=cancelled failed: WECHAT_CLOUD_API_BASE is not configured
cloud fetch status=pending failed: WECHAT_CLOUD_API_BASE is not configured
cloud fetch status=approved failed: WECHAT_CLOUD_API_BASE is not configured
cloud fetch status=contracted failed: WECHAT_CLOUD_API_BASE is not configured
cloud fetch status=partial_allocated failed: WECHAT_CLOUD_API_BASE is not configured
cloud fetch status=allocated failed: WECHAT_CLOUD_API_BASE is not configured
cloud fetch status=completed failed: WECHAT_CLOUD_API_BASE is not configured
cloud fetch status=rejected failed: WECHAT_CLOUD_API_BASE is not configured
cloud fetch status=cancelled failed: WECHAT_CLOUD_API_BASE is not configured
cloud fetch status=pending failed: WECHAT_CLOUD_API_BASE is not configured
cloud fetch status=approved failed: WECHAT_CLOUD_API_BASE is not configured
cloud fetch status=contracted failed: WECHAT_CLOUD_API_BASE is not configured
cloud fetch status=partial_allocated failed: WECHAT_CLOUD_API_BASE is not configured
cloud fetch status=allocated failed: WECHAT_CLOUD_API_BASE is not configured
cloud fetch status=completed failed: WECHAT_CLOUD_API_BASE is not configured
cloud fetch status=cancelled failed: WECHAT_CLOUD_API_BASE is not configured
cloud fetch status=rejected failed: WECHAT_CLOUD_API_BASE is not configured
cloud fetch status=pending failed: WECHAT_CLOUD_API_BASE is not configured
cloud fetch status=contracted failed: WECHAT_CLOUD_API_BASE is not configured
cloud fetch status=approved failed: WECHAT_CLOUD_API_BASE is not configured
cloud fetch status=partial_allocated failed: WECHAT_CLOUD_API_BASE is not configured
cloud fetch status=allocated failed: WECHAT_CLOUD_API_BASE is not configured
cloud fetch status=completed failed: WECHAT_CLOUD_API_BASE is not configured
cloud fetch status=rejected failed: WECHAT_CLOUD_API_BASE is not configured
cloud fetch status=cancelled failed: WECHAT_CLOUD_API_BASE is not configured
cloud fetch status=pending failed: WECHAT_CLOUD_API_BASE is not configured
cloud fetch status=approved failed: WECHAT_CLOUD_API_BASE is not configured
cloud fetch status=contracted failed: WECHAT_CLOUD_API_BASE is not configured
cloud fetch status=partial_allocated failed: WECHAT_CLOUD_API_BASE is not configured
cloud fetch status=allocated failed: WECHAT_CLOUD_API_BASE is not configured
cloud fetch status=completed failed: WECHAT_CLOUD_API_BASE is not configured
cloud fetch status=cancelled failed: WECHAT_CLOUD_API_BASE is not configured
cloud fetch status=rejected failed: WECHAT_CLOUD_API_BASE is not configured
cloud sync event failed: v8-outbox-wechat_batch_summary_sync-c56fd797818449ee963c13ef63dd9e44 WECHAT_CLOUD_API_BASE is not configured
cloud sync event failed: v8-outbox-wechat_batch_summary_sync-9ef948fa045f40acbf0e4912b6b23aff WECHAT_CLOUD_API_BASE is not configured
cloud sync event failed: v8-outbox-wechat_batch_summary_sync-6c496a95305249179993bb63dbfdd031 WECHAT_CLOUD_API_BASE is not configured
cloud sync event failed: v8-outbox-wechat_batch_summary_sync-3d62021a6b4e4c428b2bcfb4a83f2dbd WECHAT_CLOUD_API_BASE is not configured
cloud sync event failed: v8-outbox-wechat_batch_summary_sync-e75ae53d1a4b46f781eae8f34fc19950 WECHAT_CLOUD_API_BASE is not configured
cloud sync event failed: v8-outbox-wechat_batch_summary_sync-42c877078ffa44c688d2db8d0d3b9a99 WECHAT_CLOUD_API_BASE is not configured
cloud sync event failed: v8-outbox-wechat_batch_summary_sync-60fb241901b14a17be225de8182b88bf WECHAT_CLOUD_API_BASE is not configured
cloud sync event failed: v8-outbox-wechat_batch_summary_sync-154b774b13e54551b41a573d60c04812 WECHAT_CLOUD_API_BASE is not configured
cloud sync event failed: v8-outbox-wechat_batch_summary_sync-5a42293a26094d7397718b2e72e7b3c9 WECHAT_CLOUD_API_BASE is not configured
cloud sync event failed: v8-outbox-wechat_batch_summary_sync-54f7f6be01d5497a8156afb0a56d7dee WECHAT_CLOUD_API_BASE is not configured
cloud sync event failed: v8-outbox-wechat_batch_summary_sync-336f6de3d0ef4c5b8db4910999445ffa WECHAT_CLOUD_API_BASE is not configured
cloud sync event failed: v8-outbox-wechat_batch_summary_sync-2ca79fcfa37849ddaeafd235ab7d34c8 WECHAT_CLOUD_API_BASE is not configured
cloud sync event failed: v8-outbox-wechat_batch_summary_sync-8bd7cdd42f534cb0b85d151f04775148 WECHAT_CLOUD_API_BASE is not configured
cloud sync event failed: v8-outbox-wechat_batch_summary_sync-3a763602b8b0483590ac9c323b823e35 WECHAT_CLOUD_API_BASE is not configured
cloud sync event failed: v8-outbox-wechat_batch_summary_sync-07cf1aff761a45d5a16627c2d09b04c3 WECHAT_CLOUD_API_BASE is not configured
cloud sync event failed: v8-outbox-wechat_batch_summary_sync-edd9264512954288a9f44573c76d2ea3 WECHAT_CLOUD_API_BASE is not configured
cloud sync event failed: v8-outbox-wechat_batch_summary_sync-c8dce93a664f4e0e9604c483a631d2de WECHAT_CLOUD_API_BASE is not configured
cloud sync event failed: v8-outbox-wechat_batch_summary_sync-0337518b49ff4cc6bde1f3c76c746bd2 WECHAT_CLOUD_API_BASE is not configured
cloud fetch status=pending failed: WECHAT_CLOUD_API_BASE is not configured
cloud fetch status=approved failed: WECHAT_CLOUD_API_BASE is not configured
cloud fetch status=contracted failed: WECHAT_CLOUD_API_BASE is not configured
cloud fetch status=partial_allocated failed: WECHAT_CLOUD_API_BASE is not configured
cloud fetch status=allocated failed: WECHAT_CLOUD_API_BASE is not configured
cloud fetch status=rejected failed: WECHAT_CLOUD_API_BASE is not configured
cloud fetch status=completed failed: WECHAT_CLOUD_API_BASE is not configured
cloud fetch status=cancelled failed: WECHAT_CLOUD_API_BASE is not configured
cloud fetch status=pending failed: WECHAT_CLOUD_API_BASE is not configured
cloud fetch status=partial_allocated failed: WECHAT_CLOUD_API_BASE is not configured
cloud fetch status=approved failed: WECHAT_CLOUD_API_BASE is not configured
cloud fetch status=contracted failed: WECHAT_CLOUD_API_BASE is not configured
cloud fetch status=allocated failed: WECHAT_CLOUD_API_BASE is not configured
cloud fetch status=rejected failed: WECHAT_CLOUD_API_BASE is not configured
cloud fetch status=completed failed: WECHAT_CLOUD_API_BASE is not configured
cloud fetch status=cancelled failed: WECHAT_CLOUD_API_BASE is not configured
cloud fetch status=pending failed: WECHAT_CLOUD_API_BASE is not configured
cloud fetch status=approved failed: WECHAT_CLOUD_API_BASE is not configured
cloud fetch status=contracted failed: WECHAT_CLOUD_API_BASE is not configured
cloud fetch status=partial_allocated failed: WECHAT_CLOUD_API_BASE is not configured
cloud fetch status=allocated failed: WECHAT_CLOUD_API_BASE is not configured
cloud fetch status=completed failed: WECHAT_CLOUD_API_BASE is not configured
cloud fetch status=cancelled failed: WECHAT_CLOUD_API_BASE is not configured
cloud fetch status=rejected failed: WECHAT_CLOUD_API_BASE is not configured
cloud fetch status=approved failed: WECHAT_CLOUD_API_BASE is not configured
cloud fetch status=partial_allocated failed: WECHAT_CLOUD_API_BASE is not configured
cloud fetch status=pending failed: WECHAT_CLOUD_API_BASE is not configured
cloud fetch status=contracted failed: WECHAT_CLOUD_API_BASE is not configured
cloud fetch status=allocated failed: WECHAT_CLOUD_API_BASE is not configured
cloud fetch status=completed failed: WECHAT_CLOUD_API_BASE is not configured
cloud fetch status=rejected failed: WECHAT_CLOUD_API_BASE is not configured
cloud fetch status=cancelled failed: WECHAT_CLOUD_API_BASE is not configured
cloud fetch status=pending failed: WECHAT_CLOUD_API_BASE is not configured
cloud fetch status=approved failed: WECHAT_CLOUD_API_BASE is not configured
cloud fetch status=contracted failed: WECHAT_CLOUD_API_BASE is not configured
cloud fetch status=partial_allocated failed: WECHAT_CLOUD_API_BASE is not configured
cloud fetch status=allocated failed: WECHAT_CLOUD_API_BASE is not configured
cloud fetch status=completed failed: WECHAT_CLOUD_API_BASE is not configured
cloud fetch status=rejected failed: WECHAT_CLOUD_API_BASE is not configured
cloud fetch status=cancelled failed: WECHAT_CLOUD_API_BASE is not configured
cloud fetch status=pending failed: WECHAT_CLOUD_API_BASE is not configured
cloud fetch status=approved failed: WECHAT_CLOUD_API_BASE is not configured
cloud fetch status=contracted failed: WECHAT_CLOUD_API_BASE is not configured
cloud fetch status=partial_allocated failed: WECHAT_CLOUD_API_BASE is not configured
cloud fetch status=completed failed: WECHAT_CLOUD_API_BASE is not configured
cloud fetch status=rejected failed: WECHAT_CLOUD_API_BASE is not configured
cloud fetch status=allocated failed: WECHAT_CLOUD_API_BASE is not configured
cloud fetch status=cancelled failed: WECHAT_CLOUD_API_BASE is not configured
cloud fetch status=pending failed: WECHAT_CLOUD_API_BASE is not configured
cloud fetch status=contracted failed: WECHAT_CLOUD_API_BASE is not configured
cloud fetch status=approved failed: WECHAT_CLOUD_API_BASE is not configured
cloud fetch status=partial_allocated failed: WECHAT_CLOUD_API_BASE is not configured
cloud fetch status=allocated failed: WECHAT_CLOUD_API_BASE is not configured
cloud fetch status=completed failed: WECHAT_CLOUD_API_BASE is not configured
cloud fetch status=rejected failed: WECHAT_CLOUD_API_BASE is not configured
cloud fetch status=cancelled failed: WECHAT_CLOUD_API_BASE is not configured
cloud fetch status=pending failed: WECHAT_CLOUD_API_BASE is not configured
cloud fetch status=approved failed: WECHAT_CLOUD_API_BASE is not configured
cloud fetch status=contracted failed: WECHAT_CLOUD_API_BASE is not configured
cloud fetch status=partial_allocated failed: WECHAT_CLOUD_API_BASE is not configured
cloud fetch status=allocated failed: WECHAT_CLOUD_API_BASE is not configured
cloud fetch status=completed failed: WECHAT_CLOUD_API_BASE is not configured
cloud fetch status=rejected failed: WECHAT_CLOUD_API_BASE is not configured
cloud fetch status=cancelled failed: WECHAT_CLOUD_API_BASE is not configured
cloud fetch status=pending failed: WECHAT_CLOUD_API_BASE is not configured
cloud fetch status=approved failed: WECHAT_CLOUD_API_BASE is not configured
cloud fetch status=partial_allocated failed: WECHAT_CLOUD_API_BASE is not configured
cloud fetch status=contracted failed: WECHAT_CLOUD_API_BASE is not configured
cloud fetch status=allocated failed: WECHAT_CLOUD_API_BASE is not configured
cloud fetch status=completed failed: WECHAT_CLOUD_API_BASE is not configured
cloud fetch status=cancelled failed: WECHAT_CLOUD_API_BASE is not configured
cloud fetch status=rejected failed: WECHAT_CLOUD_API_BASE is not configured
cloud fetch status=pending failed: WECHAT_CLOUD_API_BASE is not configured
cloud fetch status=approved failed: WECHAT_CLOUD_API_BASE is not configured
cloud fetch status=contracted failed: WECHAT_CLOUD_API_BASE is not configured
cloud fetch status=partial_allocated failed: WECHAT_CLOUD_API_BASE is not configured
cloud fetch status=completed failed: WECHAT_CLOUD_API_BASE is not configured
cloud fetch status=allocated failed: WECHAT_CLOUD_API_BASE is not configured
cloud fetch status=rejected failed: WECHAT_CLOUD_API_BASE is not configured
cloud fetch status=cancelled failed: WECHAT_CLOUD_API_BASE is not configured
cloud sync event failed: v8-outbox-wechat_batch_summary_sync-c56fd797818449ee963c13ef63dd9e44 WECHAT_CLOUD_API_BASE is not configured
cloud sync event failed: v8-outbox-wechat_batch_summary_sync-9ef948fa045f40acbf0e4912b6b23aff WECHAT_CLOUD_API_BASE is not configured
cloud sync event failed: v8-outbox-wechat_batch_summary_sync-6c496a95305249179993bb63dbfdd031 WECHAT_CLOUD_API_BASE is not configured
cloud sync event failed: v8-outbox-wechat_batch_summary_sync-3d62021a6b4e4c428b2bcfb4a83f2dbd WECHAT_CLOUD_API_BASE is not configured
cloud sync event failed: v8-outbox-wechat_batch_summary_sync-e75ae53d1a4b46f781eae8f34fc19950 WECHAT_CLOUD_API_BASE is not configured
cloud sync event failed: v8-outbox-wechat_batch_summary_sync-42c877078ffa44c688d2db8d0d3b9a99 WECHAT_CLOUD_API_BASE is not configured
cloud sync event failed: v8-outbox-wechat_batch_summary_sync-60fb241901b14a17be225de8182b88bf WECHAT_CLOUD_API_BASE is not configured
cloud sync event failed: v8-outbox-wechat_batch_summary_sync-154b774b13e54551b41a573d60c04812 WECHAT_CLOUD_API_BASE is not configured
cloud sync event failed: v8-outbox-wechat_batch_summary_sync-5a42293a26094d7397718b2e72e7b3c9 WECHAT_CLOUD_API_BASE is not configured
cloud sync event failed: v8-outbox-wechat_batch_summary_sync-54f7f6be01d5497a8156afb0a56d7dee WECHAT_CLOUD_API_BASE is not configured
cloud sync event failed: v8-outbox-wechat_batch_summary_sync-336f6de3d0ef4c5b8db4910999445ffa WECHAT_CLOUD_API_BASE is not configured
cloud sync event failed: v8-outbox-wechat_batch_summary_sync-2ca79fcfa37849ddaeafd235ab7d34c8 WECHAT_CLOUD_API_BASE is not configured
cloud sync event failed: v8-outbox-wechat_batch_summary_sync-8bd7cdd42f534cb0b85d151f04775148 WECHAT_CLOUD_API_BASE is not configured
cloud sync event failed: v8-outbox-wechat_batch_summary_sync-3a763602b8b0483590ac9c323b823e35 WECHAT_CLOUD_API_BASE is not configured
cloud sync event failed: v8-outbox-wechat_batch_summary_sync-07cf1aff761a45d5a16627c2d09b04c3 WECHAT_CLOUD_API_BASE is not configured
cloud sync event failed: v8-outbox-wechat_batch_summary_sync-edd9264512954288a9f44573c76d2ea3 WECHAT_CLOUD_API_BASE is not configured
cloud sync event failed: v8-outbox-wechat_batch_summary_sync-c8dce93a664f4e0e9604c483a631d2de WECHAT_CLOUD_API_BASE is not configured
cloud sync event failed: v8-outbox-wechat_batch_summary_sync-0337518b49ff4cc6bde1f3c76c746bd2 WECHAT_CLOUD_API_BASE is not configured
cloud fetch status=contracted failed: WECHAT_CLOUD_API_BASE is not configured
cloud fetch status=approved failed: WECHAT_CLOUD_API_BASE is not configured
cloud fetch status=partial_allocated failed: WECHAT_CLOUD_API_BASE is not configured
cloud fetch status=pending failed: WECHAT_CLOUD_API_BASE is not configured
cloud fetch status=allocated failed: WECHAT_CLOUD_API_BASE is not configured
cloud fetch status=completed failed: WECHAT_CLOUD_API_BASE is not configured
cloud fetch status=rejected failed: WECHAT_CLOUD_API_BASE is not configured
cloud fetch status=cancelled failed: WECHAT_CLOUD_API_BASE is not configured
cloud fetch status=pending failed: WECHAT_CLOUD_API_BASE is not configured
cloud fetch status=contracted failed: WECHAT_CLOUD_API_BASE is not configured
cloud fetch status=partial_allocated failed: WECHAT_CLOUD_API_BASE is not configured
cloud fetch status=approved failed: WECHAT_CLOUD_API_BASE is not configured
cloud fetch status=allocated failed: WECHAT_CLOUD_API_BASE is not configured
cloud fetch status=completed failed: WECHAT_CLOUD_API_BASE is not configured
cloud fetch status=rejected failed: WECHAT_CLOUD_API_BASE is not configured
cloud fetch status=cancelled failed: WECHAT_CLOUD_API_BASE is not configured
cloud fetch status=pending failed: WECHAT_CLOUD_API_BASE is not configured
cloud fetch status=approved failed: WECHAT_CLOUD_API_BASE is not configured
cloud fetch status=contracted failed: WECHAT_CLOUD_API_BASE is not configured
cloud fetch status=partial_allocated failed: WECHAT_CLOUD_API_BASE is not configured
cloud fetch status=allocated failed: WECHAT_CLOUD_API_BASE is not configured
cloud fetch status=completed failed: WECHAT_CLOUD_API_BASE is not configured
cloud fetch status=rejected failed: WECHAT_CLOUD_API_BASE is not configured
cloud fetch status=cancelled failed: WECHAT_CLOUD_API_BASE is not configured
cloud fetch status=pending failed: WECHAT_CLOUD_API_BASE is not configured
cloud fetch status=approved failed: WECHAT_CLOUD_API_BASE is not configured
cloud fetch status=contracted failed: WECHAT_CLOUD_API_BASE is not configured
cloud fetch status=partial_allocated failed: WECHAT_CLOUD_API_BASE is not configured
cloud fetch status=allocated failed: WECHAT_CLOUD_API_BASE is not configured
cloud fetch status=completed failed: WECHAT_CLOUD_API_BASE is not configured
cloud fetch status=cancelled failed: WECHAT_CLOUD_API_BASE is not configured
cloud fetch status=rejected failed: WECHAT_CLOUD_API_BASE is not configured
cloud fetch status=pending failed: WECHAT_CLOUD_API_BASE is not configured
cloud fetch status=approved failed: WECHAT_CLOUD_API_BASE is not configured
cloud fetch status=partial_allocated failed: WECHAT_CLOUD_API_BASE is not configured
cloud fetch status=contracted failed: WECHAT_CLOUD_API_BASE is not configured
cloud fetch status=allocated failed: WECHAT_CLOUD_API_BASE is not configured
cloud fetch status=completed failed: WECHAT_CLOUD_API_BASE is not configured
cloud fetch status=rejected failed: WECHAT_CLOUD_API_BASE is not configured
cloud fetch status=cancelled failed: WECHAT_CLOUD_API_BASE is not configured
cloud fetch status=pending failed: WECHAT_CLOUD_API_BASE is not configured
cloud fetch status=approved failed: WECHAT_CLOUD_API_BASE is not configured
cloud fetch status=contracted failed: WECHAT_CLOUD_API_BASE is not configured
cloud fetch status=partial_allocated failed: WECHAT_CLOUD_API_BASE is not configured
cloud fetch status=allocated failed: WECHAT_CLOUD_API_BASE is not configured
cloud fetch status=rejected failed: WECHAT_CLOUD_API_BASE is not configured
cloud fetch status=completed failed: WECHAT_CLOUD_API_BASE is not configured
cloud fetch status=cancelled failed: WECHAT_CLOUD_API_BASE is not configured
cloud fetch status=pending failed: WECHAT_CLOUD_API_BASE is not configured
cloud fetch status=contracted failed: WECHAT_CLOUD_API_BASE is not configured
cloud fetch status=partial_allocated failed: WECHAT_CLOUD_API_BASE is not configured
cloud fetch status=approved failed: WECHAT_CLOUD_API_BASE is not configured
cloud fetch status=allocated failed: WECHAT_CLOUD_API_BASE is not configured
cloud fetch status=completed failed: WECHAT_CLOUD_API_BASE is not configured
cloud fetch status=rejected failed: WECHAT_CLOUD_API_BASE is not configured
cloud fetch status=cancelled failed: WECHAT_CLOUD_API_BASE is not configured
cloud fetch status=pending failed: WECHAT_CLOUD_API_BASE is not configured
cloud fetch status=approved failed: WECHAT_CLOUD_API_BASE is not configured
cloud fetch status=contracted failed: WECHAT_CLOUD_API_BASE is not configured
cloud fetch status=partial_allocated failed: WECHAT_CLOUD_API_BASE is not configured
cloud fetch status=allocated failed: WECHAT_CLOUD_API_BASE is not configured
cloud fetch status=completed failed: WECHAT_CLOUD_API_BASE is not configured
cloud fetch status=rejected failed: WECHAT_CLOUD_API_BASE is not configured
cloud fetch status=cancelled failed: WECHAT_CLOUD_API_BASE is not configured
cloud fetch status=pending failed: WECHAT_CLOUD_API_BASE is not configured
cloud fetch status=approved failed: WECHAT_CLOUD_API_BASE is not configured
cloud fetch status=partial_allocated failed: WECHAT_CLOUD_API_BASE is not configured
cloud fetch status=contracted failed: WECHAT_CLOUD_API_BASE is not configured
cloud fetch status=allocated failed: WECHAT_CLOUD_API_BASE is not configured
cloud fetch status=completed failed: WECHAT_CLOUD_API_BASE is not configured
cloud fetch status=cancelled failed: WECHAT_CLOUD_API_BASE is not configured
cloud fetch status=rejected failed: WECHAT_CLOUD_API_BASE is not configured
cloud fetch status=contracted failed: WECHAT_CLOUD_API_BASE is not configured
cloud fetch status=pending failed: WECHAT_CLOUD_API_BASE is not configured
cloud fetch status=approved failed: WECHAT_CLOUD_API_BASE is not configured
cloud fetch status=partial_allocated failed: WECHAT_CLOUD_API_BASE is not configured
cloud fetch status=allocated failed: WECHAT_CLOUD_API_BASE is not configured
cloud fetch status=completed failed: WECHAT_CLOUD_API_BASE is not configured
cloud fetch status=cancelled failed: WECHAT_CLOUD_API_BASE is not configured
cloud fetch status=rejected failed: WECHAT_CLOUD_API_BASE is not configured
cloud sync event failed: v8-outbox-wechat_batch_summary_sync-c56fd797818449ee963c13ef63dd9e44 WECHAT_CLOUD_API_BASE is not configured
cloud sync event failed: v8-outbox-wechat_batch_summary_sync-9ef948fa045f40acbf0e4912b6b23aff WECHAT_CLOUD_API_BASE is not configured
cloud sync event failed: v8-outbox-wechat_batch_summary_sync-6c496a95305249179993bb63dbfdd031 WECHAT_CLOUD_API_BASE is not configured
cloud sync event failed: v8-outbox-wechat_batch_summary_sync-3d62021a6b4e4c428b2bcfb4a83f2dbd WECHAT_CLOUD_API_BASE is not configured
cloud sync event failed: v8-outbox-wechat_batch_summary_sync-e75ae53d1a4b46f781eae8f34fc19950 WECHAT_CLOUD_API_BASE is not configured
cloud sync event failed: v8-outbox-wechat_batch_summary_sync-42c877078ffa44c688d2db8d0d3b9a99 WECHAT_CLOUD_API_BASE is not configured
cloud sync event failed: v8-outbox-wechat_batch_summary_sync-60fb241901b14a17be225de8182b88bf WECHAT_CLOUD_API_BASE is not configured
cloud sync event failed: v8-outbox-wechat_batch_summary_sync-154b774b13e54551b41a573d60c04812 WECHAT_CLOUD_API_BASE is not configured
cloud sync event failed: v8-outbox-wechat_batch_summary_sync-5a42293a26094d7397718b2e72e7b3c9 WECHAT_CLOUD_API_BASE is not configured
cloud sync event failed: v8-outbox-wechat_batch_summary_sync-54f7f6be01d5497a8156afb0a56d7dee WECHAT_CLOUD_API_BASE is not configured
cloud sync event failed: v8-outbox-wechat_batch_summary_sync-336f6de3d0ef4c5b8db4910999445ffa WECHAT_CLOUD_API_BASE is not configured
cloud sync event failed: v8-outbox-wechat_batch_summary_sync-2ca79fcfa37849ddaeafd235ab7d34c8 WECHAT_CLOUD_API_BASE is not configured
cloud sync event failed: v8-outbox-wechat_batch_summary_sync-8bd7cdd42f534cb0b85d151f04775148 WECHAT_CLOUD_API_BASE is not configured
cloud sync event failed: v8-outbox-wechat_batch_summary_sync-3a763602b8b0483590ac9c323b823e35 WECHAT_CLOUD_API_BASE is not configured
cloud sync event failed: v8-outbox-wechat_batch_summary_sync-07cf1aff761a45d5a16627c2d09b04c3 WECHAT_CLOUD_API_BASE is not configured
cloud sync event failed: v8-outbox-wechat_batch_summary_sync-edd9264512954288a9f44573c76d2ea3 WECHAT_CLOUD_API_BASE is not configured
cloud sync event failed: v8-outbox-wechat_batch_summary_sync-c8dce93a664f4e0e9604c483a631d2de WECHAT_CLOUD_API_BASE is not configured
cloud sync event failed: v8-outbox-wechat_batch_summary_sync-0337518b49ff4cc6bde1f3c76c746bd2 WECHAT_CLOUD_API_BASE is not configured
cloud fetch status=contracted failed: WECHAT_CLOUD_API_BASE is not configured
cloud fetch status=pending failed: WECHAT_CLOUD_API_BASE is not configured
cloud fetch status=partial_allocated failed: WECHAT_CLOUD_API_BASE is not configured
cloud fetch status=approved failed: WECHAT_CLOUD_API_BASE is not configured
cloud fetch status=allocated failed: WECHAT_CLOUD_API_BASE is not configured
cloud fetch status=completed failed: WECHAT_CLOUD_API_BASE is not configured
cloud fetch status=rejected failed: WECHAT_CLOUD_API_BASE is not configured
cloud fetch status=cancelled failed: WECHAT_CLOUD_API_BASE is not configured
cloud fetch status=pending failed: WECHAT_CLOUD_API_BASE is not configured
cloud fetch status=contracted failed: WECHAT_CLOUD_API_BASE is not configured
cloud fetch status=approved failed: WECHAT_CLOUD_API_BASE is not configured
cloud fetch status=partial_allocated failed: WECHAT_CLOUD_API_BASE is not configured
cloud fetch status=allocated failed: WECHAT_CLOUD_API_BASE is not configured
cloud fetch status=completed failed: WECHAT_CLOUD_API_BASE is not configured
cloud fetch status=rejected failed: WECHAT_CLOUD_API_BASE is not configured
cloud fetch status=cancelled failed: WECHAT_CLOUD_API_BASE is not configured
cloud fetch status=pending failed: WECHAT_CLOUD_API_BASE is not configured
cloud fetch status=approved failed: WECHAT_CLOUD_API_BASE is not configured
cloud fetch status=partial_allocated failed: WECHAT_CLOUD_API_BASE is not configured
cloud fetch status=contracted failed: WECHAT_CLOUD_API_BASE is not configured
cloud fetch status=allocated failed: WECHAT_CLOUD_API_BASE is not configured
cloud fetch status=completed failed: WECHAT_CLOUD_API_BASE is not configured
cloud fetch status=rejected failed: WECHAT_CLOUD_API_BASE is not configured
cloud fetch status=cancelled failed: WECHAT_CLOUD_API_BASE is not configured
cloud fetch status=contracted failed: WECHAT_CLOUD_API_BASE is not configured
cloud fetch status=pending failed: WECHAT_CLOUD_API_BASE is not configured
cloud fetch status=approved failed: WECHAT_CLOUD_API_BASE is not configured
cloud fetch status=partial_allocated failed: WECHAT_CLOUD_API_BASE is not configured
cloud fetch status=allocated failed: WECHAT_CLOUD_API_BASE is not configured
cloud fetch status=completed failed: WECHAT_CLOUD_API_BASE is not configured
cloud fetch status=rejected failed: WECHAT_CLOUD_API_BASE is not configured
cloud fetch status=cancelled failed: WECHAT_CLOUD_API_BASE is not configured
cloud fetch status=pending failed: WECHAT_CLOUD_API_BASE is not configured
cloud fetch status=approved failed: WECHAT_CLOUD_API_BASE is not configured
cloud fetch status=contracted failed: WECHAT_CLOUD_API_BASE is not configured
cloud fetch status=partial_allocated failed: WECHAT_CLOUD_API_BASE is not configured
cloud fetch status=allocated failed: WECHAT_CLOUD_API_BASE is not configured
cloud fetch status=completed failed: WECHAT_CLOUD_API_BASE is not configured
cloud fetch status=rejected failed: WECHAT_CLOUD_API_BASE is not configured
cloud fetch status=cancelled failed: WECHAT_CLOUD_API_BASE is not configured
cloud fetch status=pending failed: WECHAT_CLOUD_API_BASE is not configured
cloud fetch status=approved failed: WECHAT_CLOUD_API_BASE is not configured
cloud fetch status=contracted failed: WECHAT_CLOUD_API_BASE is not configured
cloud fetch status=partial_allocated failed: WECHAT_CLOUD_API_BASE is not configured
cloud fetch status=allocated failed: WECHAT_CLOUD_API_BASE is not configured
cloud fetch status=completed failed: WECHAT_CLOUD_API_BASE is not configured
cloud fetch status=rejected failed: WECHAT_CLOUD_API_BASE is not configured
cloud fetch status=cancelled failed: WECHAT_CLOUD_API_BASE is not configured
cloud fetch status=pending failed: WECHAT_CLOUD_API_BASE is not configured
cloud fetch status=approved failed: WECHAT_CLOUD_API_BASE is not configured
cloud fetch status=partial_allocated failed: WECHAT_CLOUD_API_BASE is not configured
cloud fetch status=contracted failed: WECHAT_CLOUD_API_BASE is not configured
cloud fetch status=allocated failed: WECHAT_CLOUD_API_BASE is not configured
cloud fetch status=completed failed: WECHAT_CLOUD_API_BASE is not configured
cloud fetch status=rejected failed: WECHAT_CLOUD_API_BASE is not configured
cloud fetch status=cancelled failed: WECHAT_CLOUD_API_BASE is not configured
cloud fetch status=pending failed: WECHAT_CLOUD_API_BASE is not configured
cloud fetch status=approved failed: WECHAT_CLOUD_API_BASE is not configured
cloud fetch status=contracted failed: WECHAT_CLOUD_API_BASE is not configured
cloud fetch status=partial_allocated failed: WECHAT_CLOUD_API_BASE is not configured
cloud fetch status=allocated failed: WECHAT_CLOUD_API_BASE is not configured
cloud fetch status=completed failed: WECHAT_CLOUD_API_BASE is not configured
cloud fetch status=rejected failed: WECHAT_CLOUD_API_BASE is not configured
cloud fetch status=cancelled failed: WECHAT_CLOUD_API_BASE is not configured
cloud fetch status=contracted failed: WECHAT_CLOUD_API_BASE is not configured
cloud fetch status=pending failed: WECHAT_CLOUD_API_BASE is not configured
cloud fetch status=approved failed: WECHAT_CLOUD_API_BASE is not configured
cloud fetch status=partial_allocated failed: WECHAT_CLOUD_API_BASE is not configured
cloud fetch status=allocated failed: WECHAT_CLOUD_API_BASE is not configured
cloud fetch status=completed failed: WECHAT_CLOUD_API_BASE is not configured
cloud fetch status=cancelled failed: WECHAT_CLOUD_API_BASE is not configured
cloud fetch status=rejected failed: WECHAT_CLOUD_API_BASE is not configured
cloud fetch status=pending failed: WECHAT_CLOUD_API_BASE is not configured
cloud fetch status=approved failed: WECHAT_CLOUD_API_BASE is not configured
cloud fetch status=contracted failed: WECHAT_CLOUD_API_BASE is not configured
cloud fetch status=partial_allocated failed: WECHAT_CLOUD_API_BASE is not configured
cloud fetch status=allocated failed: WECHAT_CLOUD_API_BASE is not configured
cloud fetch status=completed failed: WECHAT_CLOUD_API_BASE is not configured
cloud fetch status=rejected failed: WECHAT_CLOUD_API_BASE is not configured
cloud fetch status=cancelled failed: WECHAT_CLOUD_API_BASE is not configured
cloud sync event failed: v8-outbox-wechat_batch_summary_sync-c56fd797818449ee963c13ef63dd9e44 WECHAT_CLOUD_API_BASE is not configured
cloud sync event failed: v8-outbox-wechat_batch_summary_sync-9ef948fa045f40acbf0e4912b6b23aff WECHAT_CLOUD_API_BASE is not configured
cloud sync event failed: v8-outbox-wechat_batch_summary_sync-6c496a95305249179993bb63dbfdd031 WECHAT_CLOUD_API_BASE is not configured
cloud sync event failed: v8-outbox-wechat_batch_summary_sync-3d62021a6b4e4c428b2bcfb4a83f2dbd WECHAT_CLOUD_API_BASE is not configured
cloud sync event failed: v8-outbox-wechat_batch_summary_sync-e75ae53d1a4b46f781eae8f34fc19950 WECHAT_CLOUD_API_BASE is not configured
cloud sync event failed: v8-outbox-wechat_batch_summary_sync-42c877078ffa44c688d2db8d0d3b9a99 WECHAT_CLOUD_API_BASE is not configured
cloud sync event failed: v8-outbox-wechat_batch_summary_sync-60fb241901b14a17be225de8182b88bf WECHAT_CLOUD_API_BASE is not configured
cloud sync event failed: v8-outbox-wechat_batch_summary_sync-154b774b13e54551b41a573d60c04812 WECHAT_CLOUD_API_BASE is not configured
cloud sync event failed: v8-outbox-wechat_batch_summary_sync-5a42293a26094d7397718b2e72e7b3c9 WECHAT_CLOUD_API_BASE is not configured
cloud sync event failed: v8-outbox-wechat_batch_summary_sync-54f7f6be01d5497a8156afb0a56d7dee WECHAT_CLOUD_API_BASE is not configured
cloud sync event failed: v8-outbox-wechat_batch_summary_sync-336f6de3d0ef4c5b8db4910999445ffa WECHAT_CLOUD_API_BASE is not configured
cloud sync event failed: v8-outbox-wechat_batch_summary_sync-2ca79fcfa37849ddaeafd235ab7d34c8 WECHAT_CLOUD_API_BASE is not configured
cloud sync event failed: v8-outbox-wechat_batch_summary_sync-8bd7cdd42f534cb0b85d151f04775148 WECHAT_CLOUD_API_BASE is not configured
cloud sync event failed: v8-outbox-wechat_batch_summary_sync-3a763602b8b0483590ac9c323b823e35 WECHAT_CLOUD_API_BASE is not configured
cloud sync event failed: v8-outbox-wechat_batch_summary_sync-07cf1aff761a45d5a16627c2d09b04c3 WECHAT_CLOUD_API_BASE is not configured
cloud sync event failed: v8-outbox-wechat_batch_summary_sync-edd9264512954288a9f44573c76d2ea3 WECHAT_CLOUD_API_BASE is not configured
cloud sync event failed: v8-outbox-wechat_batch_summary_sync-c8dce93a664f4e0e9604c483a631d2de WECHAT_CLOUD_API_BASE is not configured
cloud sync event failed: v8-outbox-wechat_batch_summary_sync-0337518b49ff4cc6bde1f3c76c746bd2 WECHAT_CLOUD_API_BASE is not configured
cloud fetch status=pending failed: WECHAT_CLOUD_API_BASE is not configured
cloud fetch status=approved failed: WECHAT_CLOUD_API_BASE is not configured
cloud fetch status=contracted failed: WECHAT_CLOUD_API_BASE is not configured
cloud fetch status=partial_allocated failed: WECHAT_CLOUD_API_BASE is not configured
cloud fetch status=allocated failed: WECHAT_CLOUD_API_BASE is not configured
cloud fetch status=completed failed: WECHAT_CLOUD_API_BASE is not configured
cloud fetch status=cancelled failed: WECHAT_CLOUD_API_BASE is not configured
cloud fetch status=rejected failed: WECHAT_CLOUD_API_BASE is not configured
cloud fetch status=approved failed: WECHAT_CLOUD_API_BASE is not configured
cloud fetch status=contracted failed: WECHAT_CLOUD_API_BASE is not configured
cloud fetch status=pending failed: WECHAT_CLOUD_API_BASE is not configured
cloud fetch status=partial_allocated failed: WECHAT_CLOUD_API_BASE is not configured
cloud fetch status=allocated failed: WECHAT_CLOUD_API_BASE is not configured
cloud fetch status=rejected failed: WECHAT_CLOUD_API_BASE is not configured
cloud fetch status=cancelled failed: WECHAT_CLOUD_API_BASE is not configured
cloud fetch status=completed failed: WECHAT_CLOUD_API_BASE is not configured
cloud fetch status=pending failed: WECHAT_CLOUD_API_BASE is not configured
cloud fetch status=contracted failed: WECHAT_CLOUD_API_BASE is not configured
cloud fetch status=approved failed: WECHAT_CLOUD_API_BASE is not configured
cloud fetch status=allocated failed: WECHAT_CLOUD_API_BASE is not configured
cloud fetch status=completed failed: WECHAT_CLOUD_API_BASE is not configured
cloud fetch status=rejected failed: WECHAT_CLOUD_API_BASE is not configured
cloud fetch status=partial_allocated failed: WECHAT_CLOUD_API_BASE is not configured
cloud fetch status=cancelled failed: WECHAT_CLOUD_API_BASE is not configured
cloud fetch status=pending failed: WECHAT_CLOUD_API_BASE is not configured
cloud fetch status=approved failed: WECHAT_CLOUD_API_BASE is not configured
cloud fetch status=partial_allocated failed: WECHAT_CLOUD_API_BASE is not configured
cloud fetch status=contracted failed: WECHAT_CLOUD_API_BASE is not configured
cloud fetch status=allocated failed: WECHAT_CLOUD_API_BASE is not configured
cloud fetch status=rejected failed: WECHAT_CLOUD_API_BASE is not configured
cloud fetch status=completed failed: WECHAT_CLOUD_API_BASE is not configured
cloud fetch status=cancelled failed: WECHAT_CLOUD_API_BASE is not configured
cloud fetch status=pending failed: WECHAT_CLOUD_API_BASE is not configured
cloud fetch status=approved failed: WECHAT_CLOUD_API_BASE is not configured
cloud fetch status=contracted failed: WECHAT_CLOUD_API_BASE is not configured
cloud fetch status=partial_allocated failed: WECHAT_CLOUD_API_BASE is not configured
cloud fetch status=allocated failed: WECHAT_CLOUD_API_BASE is not configured
cloud fetch status=completed failed: WECHAT_CLOUD_API_BASE is not configured
cloud fetch status=cancelled failed: WECHAT_CLOUD_API_BASE is not configured
cloud fetch status=rejected failed: WECHAT_CLOUD_API_BASE is not configured
cloud fetch status=pending failed: WECHAT_CLOUD_API_BASE is not configured
cloud fetch status=contracted failed: WECHAT_CLOUD_API_BASE is not configured
cloud fetch status=partial_allocated failed: WECHAT_CLOUD_API_BASE is not configured
cloud fetch status=approved failed: WECHAT_CLOUD_API_BASE is not configured
cloud fetch status=allocated failed: WECHAT_CLOUD_API_BASE is not configured
cloud fetch status=completed failed: WECHAT_CLOUD_API_BASE is not configured
cloud fetch status=cancelled failed: WECHAT_CLOUD_API_BASE is not configured
cloud fetch status=rejected failed: WECHAT_CLOUD_API_BASE is not configured
cloud fetch status=approved failed: WECHAT_CLOUD_API_BASE is not configured
cloud fetch status=pending failed: WECHAT_CLOUD_API_BASE is not configured
cloud fetch status=contracted failed: WECHAT_CLOUD_API_BASE is not configured
cloud fetch status=partial_allocated failed: WECHAT_CLOUD_API_BASE is not configured
cloud fetch status=allocated failed: WECHAT_CLOUD_API_BASE is not configured
cloud fetch status=completed failed: WECHAT_CLOUD_API_BASE is not configured
cloud fetch status=rejected failed: WECHAT_CLOUD_API_BASE is not configured
cloud fetch status=cancelled failed: WECHAT_CLOUD_API_BASE is not configured
cloud fetch status=pending failed: WECHAT_CLOUD_API_BASE is not configured
cloud fetch status=partial_allocated failed: WECHAT_CLOUD_API_BASE is not configured
cloud fetch status=approved failed: WECHAT_CLOUD_API_BASE is not configured
cloud fetch status=contracted failed: WECHAT_CLOUD_API_BASE is not configured
cloud fetch status=allocated failed: WECHAT_CLOUD_API_BASE is not configured
cloud fetch status=completed failed: WECHAT_CLOUD_API_BASE is not configured
cloud fetch status=rejected failed: WECHAT_CLOUD_API_BASE is not configured
cloud fetch status=cancelled failed: WECHAT_CLOUD_API_BASE is not configured
cloud fetch status=pending failed: WECHAT_CLOUD_API_BASE is not configured
cloud fetch status=approved failed: WECHAT_CLOUD_API_BASE is not configured
cloud fetch status=partial_allocated failed: WECHAT_CLOUD_API_BASE is not configured
cloud fetch status=contracted failed: WECHAT_CLOUD_API_BASE is not configured
cloud fetch status=allocated failed: WECHAT_CLOUD_API_BASE is not configured
cloud fetch status=rejected failed: WECHAT_CLOUD_API_BASE is not configured
cloud fetch status=completed failed: WECHAT_CLOUD_API_BASE is not configured
cloud fetch status=cancelled failed: WECHAT_CLOUD_API_BASE is not configured
cloud fetch status=approved failed: WECHAT_CLOUD_API_BASE is not configured
cloud fetch status=contracted failed: WECHAT_CLOUD_API_BASE is not configured
cloud fetch status=pending failed: WECHAT_CLOUD_API_BASE is not configured
cloud fetch status=partial_allocated failed: WECHAT_CLOUD_API_BASE is not configured
cloud fetch status=allocated failed: WECHAT_CLOUD_API_BASE is not configured
cloud fetch status=completed failed: WECHAT_CLOUD_API_BASE is not configured
cloud fetch status=rejected failed: WECHAT_CLOUD_API_BASE is not configured
cloud fetch status=cancelled failed: WECHAT_CLOUD_API_BASE is not configured
cloud sync event failed: v8-outbox-wechat_batch_summary_sync-c56fd797818449ee963c13ef63dd9e44 WECHAT_CLOUD_API_BASE is not configured
cloud sync event failed: v8-outbox-wechat_batch_summary_sync-9ef948fa045f40acbf0e4912b6b23aff WECHAT_CLOUD_API_BASE is not configured
cloud sync event failed: v8-outbox-wechat_batch_summary_sync-6c496a95305249179993bb63dbfdd031 WECHAT_CLOUD_API_BASE is not configured
cloud sync event failed: v8-outbox-wechat_batch_summary_sync-3d62021a6b4e4c428b2bcfb4a83f2dbd WECHAT_CLOUD_API_BASE is not configured
cloud sync event failed: v8-outbox-wechat_batch_summary_sync-e75ae53d1a4b46f781eae8f34fc19950 WECHAT_CLOUD_API_BASE is not configured
cloud sync event failed: v8-outbox-wechat_batch_summary_sync-42c877078ffa44c688d2db8d0d3b9a99 WECHAT_CLOUD_API_BASE is not configured
cloud sync event failed: v8-outbox-wechat_batch_summary_sync-60fb241901b14a17be225de8182b88bf WECHAT_CLOUD_API_BASE is not configured
cloud sync event failed: v8-outbox-wechat_batch_summary_sync-154b774b13e54551b41a573d60c04812 WECHAT_CLOUD_API_BASE is not configured
cloud sync event failed: v8-outbox-wechat_batch_summary_sync-5a42293a26094d7397718b2e72e7b3c9 WECHAT_CLOUD_API_BASE is not configured
cloud sync event failed: v8-outbox-wechat_batch_summary_sync-54f7f6be01d5497a8156afb0a56d7dee WECHAT_CLOUD_API_BASE is not configured
cloud sync event failed: v8-outbox-wechat_batch_summary_sync-336f6de3d0ef4c5b8db4910999445ffa WECHAT_CLOUD_API_BASE is not configured
cloud sync event failed: v8-outbox-wechat_batch_summary_sync-2ca79fcfa37849ddaeafd235ab7d34c8 WECHAT_CLOUD_API_BASE is not configured
cloud sync event failed: v8-outbox-wechat_batch_summary_sync-8bd7cdd42f534cb0b85d151f04775148 WECHAT_CLOUD_API_BASE is not configured
cloud sync event failed: v8-outbox-wechat_batch_summary_sync-3a763602b8b0483590ac9c323b823e35 WECHAT_CLOUD_API_BASE is not configured
cloud sync event failed: v8-outbox-wechat_batch_summary_sync-07cf1aff761a45d5a16627c2d09b04c3 WECHAT_CLOUD_API_BASE is not configured
cloud sync event failed: v8-outbox-wechat_batch_summary_sync-edd9264512954288a9f44573c76d2ea3 WECHAT_CLOUD_API_BASE is not configured
cloud sync event failed: v8-outbox-wechat_batch_summary_sync-c8dce93a664f4e0e9604c483a631d2de WECHAT_CLOUD_API_BASE is not configured
cloud sync event failed: v8-outbox-wechat_batch_summary_sync-0337518b49ff4cc6bde1f3c76c746bd2 WECHAT_CLOUD_API_BASE is not configured
cloud fetch status=pending failed: WECHAT_CLOUD_API_BASE is not configured
cloud fetch status=approved failed: WECHAT_CLOUD_API_BASE is not configured
cloud fetch status=partial_allocated failed: WECHAT_CLOUD_API_BASE is not configured
cloud fetch status=contracted failed: WECHAT_CLOUD_API_BASE is not configured
cloud fetch status=allocated failed: WECHAT_CLOUD_API_BASE is not configured
cloud fetch status=completed failed: WECHAT_CLOUD_API_BASE is not configured
cloud fetch status=rejected failed: WECHAT_CLOUD_API_BASE is not configured
cloud fetch status=cancelled failed: WECHAT_CLOUD_API_BASE is not configured
cloud fetch status=approved failed: WECHAT_CLOUD_API_BASE is not configured
cloud fetch status=pending failed: WECHAT_CLOUD_API_BASE is not configured
cloud fetch status=contracted failed: WECHAT_CLOUD_API_BASE is not configured
cloud fetch status=partial_allocated failed: WECHAT_CLOUD_API_BASE is not configured
cloud fetch status=allocated failed: WECHAT_CLOUD_API_BASE is not configured
cloud fetch status=completed failed: WECHAT_CLOUD_API_BASE is not configured
cloud fetch status=cancelled failed: WECHAT_CLOUD_API_BASE is not configured
cloud fetch status=rejected failed: WECHAT_CLOUD_API_BASE is not configured
cloud fetch status=pending failed: WECHAT_CLOUD_API_BASE is not configured
cloud fetch status=approved failed: WECHAT_CLOUD_API_BASE is not configured
cloud fetch status=contracted failed: WECHAT_CLOUD_API_BASE is not configured
cloud fetch status=partial_allocated failed: WECHAT_CLOUD_API_BASE is not configured
cloud fetch status=allocated failed: WECHAT_CLOUD_API_BASE is not configured
cloud fetch status=completed failed: WECHAT_CLOUD_API_BASE is not configured
cloud fetch status=rejected failed: WECHAT_CLOUD_API_BASE is not configured
cloud fetch status=cancelled failed: WECHAT_CLOUD_API_BASE is not configured
cloud fetch status=pending failed: WECHAT_CLOUD_API_BASE is not configured
cloud fetch status=approved failed: WECHAT_CLOUD_API_BASE is not configured
cloud fetch status=contracted failed: WECHAT_CLOUD_API_BASE is not configured
cloud fetch status=partial_allocated failed: WECHAT_CLOUD_API_BASE is not configured
cloud fetch status=allocated failed: WECHAT_CLOUD_API_BASE is not configured
cloud fetch status=completed failed: WECHAT_CLOUD_API_BASE is not configured
cloud fetch status=rejected failed: WECHAT_CLOUD_API_BASE is not configured
cloud fetch status=cancelled failed: WECHAT_CLOUD_API_BASE is not configured
cloud fetch status=contracted failed: WECHAT_CLOUD_API_BASE is not configured
cloud fetch status=pending failed: WECHAT_CLOUD_API_BASE is not configured
cloud fetch status=partial_allocated failed: WECHAT_CLOUD_API_BASE is not configured
cloud fetch status=approved failed: WECHAT_CLOUD_API_BASE is not configured
cloud fetch status=allocated failed: WECHAT_CLOUD_API_BASE is not configured
cloud fetch status=completed failed: WECHAT_CLOUD_API_BASE is not configured
cloud fetch status=rejected failed: WECHAT_CLOUD_API_BASE is not configured
cloud fetch status=cancelled failed: WECHAT_CLOUD_API_BASE is not configured
cloud fetch status=pending failed: WECHAT_CLOUD_API_BASE is not configured
cloud fetch status=approved failed: WECHAT_CLOUD_API_BASE is not configured
cloud fetch status=partial_allocated failed: WECHAT_CLOUD_API_BASE is not configured
cloud fetch status=contracted failed: WECHAT_CLOUD_API_BASE is not configured
cloud fetch status=allocated failed: WECHAT_CLOUD_API_BASE is not configured
cloud fetch status=completed failed: WECHAT_CLOUD_API_BASE is not configured
cloud fetch status=rejected failed: WECHAT_CLOUD_API_BASE is not configured
cloud fetch status=cancelled failed: WECHAT_CLOUD_API_BASE is not configured
cloud fetch status=pending failed: WECHAT_CLOUD_API_BASE is not configured
cloud fetch status=approved failed: WECHAT_CLOUD_API_BASE is not configured
cloud fetch status=contracted failed: WECHAT_CLOUD_API_BASE is not configured
cloud fetch status=partial_allocated failed: WECHAT_CLOUD_API_BASE is not configured
cloud fetch status=allocated failed: WECHAT_CLOUD_API_BASE is not configured
cloud fetch status=completed failed: WECHAT_CLOUD_API_BASE is not configured
cloud fetch status=cancelled failed: WECHAT_CLOUD_API_BASE is not configured
cloud fetch status=rejected failed: WECHAT_CLOUD_API_BASE is not configured
cloud fetch status=pending failed: WECHAT_CLOUD_API_BASE is not configured
cloud fetch status=approved failed: WECHAT_CLOUD_API_BASE is not configured
cloud fetch status=partial_allocated failed: WECHAT_CLOUD_API_BASE is not configured
cloud fetch status=contracted failed: WECHAT_CLOUD_API_BASE is not configured
cloud fetch status=allocated failed: WECHAT_CLOUD_API_BASE is not configured
cloud fetch status=completed failed: WECHAT_CLOUD_API_BASE is not configured
cloud fetch status=rejected failed: WECHAT_CLOUD_API_BASE is not configured
cloud fetch status=cancelled failed: WECHAT_CLOUD_API_BASE is not configured
cloud fetch status=pending failed: WECHAT_CLOUD_API_BASE is not configured
cloud fetch status=approved failed: WECHAT_CLOUD_API_BASE is not configured
cloud fetch status=contracted failed: WECHAT_CLOUD_API_BASE is not configured
cloud fetch status=partial_allocated failed: WECHAT_CLOUD_API_BASE is not configured
cloud fetch status=allocated failed: WECHAT_CLOUD_API_BASE is not configured
cloud fetch status=completed failed: WECHAT_CLOUD_API_BASE is not configured
cloud fetch status=rejected failed: WECHAT_CLOUD_API_BASE is not configured
cloud fetch status=cancelled failed: WECHAT_CLOUD_API_BASE is not configured
cloud fetch status=pending failed: WECHAT_CLOUD_API_BASE is not configured
cloud fetch status=approved failed: WECHAT_CLOUD_API_BASE is not configured
cloud fetch status=contracted failed: WECHAT_CLOUD_API_BASE is not configured
cloud fetch status=partial_allocated failed: WECHAT_CLOUD_API_BASE is not configured
cloud fetch status=completed failed: WECHAT_CLOUD_API_BASE is not configured
cloud fetch status=allocated failed: WECHAT_CLOUD_API_BASE is not configured
cloud fetch status=cancelled failed: WECHAT_CLOUD_API_BASE is not configured
cloud fetch status=rejected failed: WECHAT_CLOUD_API_BASE is not configured
cloud sync event failed: v8-outbox-wechat_batch_summary_sync-c56fd797818449ee963c13ef63dd9e44 WECHAT_CLOUD_API_BASE is not configured
cloud sync event failed: v8-outbox-wechat_batch_summary_sync-9ef948fa045f40acbf0e4912b6b23aff WECHAT_CLOUD_API_BASE is not configured
cloud sync event failed: v8-outbox-wechat_batch_summary_sync-6c496a95305249179993bb63dbfdd031 WECHAT_CLOUD_API_BASE is not configured
cloud sync event failed: v8-outbox-wechat_batch_summary_sync-3d62021a6b4e4c428b2bcfb4a83f2dbd WECHAT_CLOUD_API_BASE is not configured
cloud sync event failed: v8-outbox-wechat_batch_summary_sync-e75ae53d1a4b46f781eae8f34fc19950 WECHAT_CLOUD_API_BASE is not configured
cloud sync event failed: v8-outbox-wechat_batch_summary_sync-42c877078ffa44c688d2db8d0d3b9a99 WECHAT_CLOUD_API_BASE is not configured
cloud sync event failed: v8-outbox-wechat_batch_summary_sync-60fb241901b14a17be225de8182b88bf WECHAT_CLOUD_API_BASE is not configured
cloud sync event failed: v8-outbox-wechat_batch_summary_sync-154b774b13e54551b41a573d60c04812 WECHAT_CLOUD_API_BASE is not configured
cloud sync event failed: v8-outbox-wechat_batch_summary_sync-5a42293a26094d7397718b2e72e7b3c9 WECHAT_CLOUD_API_BASE is not configured
cloud sync event failed: v8-outbox-wechat_batch_summary_sync-54f7f6be01d5497a8156afb0a56d7dee WECHAT_CLOUD_API_BASE is not configured
cloud sync event failed: v8-outbox-wechat_batch_summary_sync-336f6de3d0ef4c5b8db4910999445ffa WECHAT_CLOUD_API_BASE is not configured
cloud sync event failed: v8-outbox-wechat_batch_summary_sync-2ca79fcfa37849ddaeafd235ab7d34c8 WECHAT_CLOUD_API_BASE is not configured
cloud sync event failed: v8-outbox-wechat_batch_summary_sync-8bd7cdd42f534cb0b85d151f04775148 WECHAT_CLOUD_API_BASE is not configured
cloud sync event failed: v8-outbox-wechat_batch_summary_sync-3a763602b8b0483590ac9c323b823e35 WECHAT_CLOUD_API_BASE is not configured
cloud sync event failed: v8-outbox-wechat_batch_summary_sync-07cf1aff761a45d5a16627c2d09b04c3 WECHAT_CLOUD_API_BASE is not configured
cloud sync event failed: v8-outbox-wechat_batch_summary_sync-edd9264512954288a9f44573c76d2ea3 WECHAT_CLOUD_API_BASE is not configured
cloud sync event failed: v8-outbox-wechat_batch_summary_sync-c8dce93a664f4e0e9604c483a631d2de WECHAT_CLOUD_API_BASE is not configured
cloud sync event failed: v8-outbox-wechat_batch_summary_sync-0337518b49ff4cc6bde1f3c76c746bd2 WECHAT_CLOUD_API_BASE is not configured
cloud fetch status=pending failed: WECHAT_CLOUD_API_BASE is not configured
cloud fetch status=approved failed: WECHAT_CLOUD_API_BASE is not configured
cloud fetch status=partial_allocated failed: WECHAT_CLOUD_API_BASE is not configured
cloud fetch status=contracted failed: WECHAT_CLOUD_API_BASE is not configured
cloud fetch status=allocated failed: WECHAT_CLOUD_API_BASE is not configured
cloud fetch status=cancelled failed: WECHAT_CLOUD_API_BASE is not configured
cloud fetch status=rejected failed: WECHAT_CLOUD_API_BASE is not configured
cloud fetch status=completed failed: WECHAT_CLOUD_API_BASE is not configured
cloud fetch status=pending failed: WECHAT_CLOUD_API_BASE is not configured
cloud fetch status=approved failed: WECHAT_CLOUD_API_BASE is not configured
cloud fetch status=contracted failed: WECHAT_CLOUD_API_BASE is not configured
cloud fetch status=partial_allocated failed: WECHAT_CLOUD_API_BASE is not configured
cloud fetch status=allocated failed: WECHAT_CLOUD_API_BASE is not configured
cloud fetch status=completed failed: WECHAT_CLOUD_API_BASE is not configured
cloud fetch status=cancelled failed: WECHAT_CLOUD_API_BASE is not configured
cloud fetch status=rejected failed: WECHAT_CLOUD_API_BASE is not configured
cloud fetch status=pending failed: WECHAT_CLOUD_API_BASE is not configured
cloud fetch status=approved failed: WECHAT_CLOUD_API_BASE is not configured
cloud fetch status=partial_allocated failed: WECHAT_CLOUD_API_BASE is not configured
cloud fetch status=contracted failed: WECHAT_CLOUD_API_BASE is not configured
cloud fetch status=allocated failed: WECHAT_CLOUD_API_BASE is not configured
cloud fetch status=completed failed: WECHAT_CLOUD_API_BASE is not configured
cloud fetch status=rejected failed: WECHAT_CLOUD_API_BASE is not configured
cloud fetch status=cancelled failed: WECHAT_CLOUD_API_BASE is not configured
cloud fetch status=approved failed: WECHAT_CLOUD_API_BASE is not configured
cloud fetch status=pending failed: WECHAT_CLOUD_API_BASE is not configured
cloud fetch status=partial_allocated failed: WECHAT_CLOUD_API_BASE is not configured
cloud fetch status=contracted failed: WECHAT_CLOUD_API_BASE is not configured
cloud fetch status=allocated failed: WECHAT_CLOUD_API_BASE is not configured
cloud fetch status=completed failed: WECHAT_CLOUD_API_BASE is not configured
cloud fetch status=rejected failed: WECHAT_CLOUD_API_BASE is not configured
cloud fetch status=cancelled failed: WECHAT_CLOUD_API_BASE is not configured
cloud fetch status=pending failed: WECHAT_CLOUD_API_BASE is not configured
cloud fetch status=contracted failed: WECHAT_CLOUD_API_BASE is not configured
cloud fetch status=approved failed: WECHAT_CLOUD_API_BASE is not configured
cloud fetch status=partial_allocated failed: WECHAT_CLOUD_API_BASE is not configured
cloud fetch status=allocated failed: WECHAT_CLOUD_API_BASE is not configured
cloud fetch status=completed failed: WECHAT_CLOUD_API_BASE is not configured
cloud fetch status=rejected failed: WECHAT_CLOUD_API_BASE is not configured
cloud fetch status=cancelled failed: WECHAT_CLOUD_API_BASE is not configured
cloud fetch status=pending failed: WECHAT_CLOUD_API_BASE is not configured
cloud fetch status=approved failed: WECHAT_CLOUD_API_BASE is not configured
cloud fetch status=contracted failed: WECHAT_CLOUD_API_BASE is not configured
cloud fetch status=partial_allocated failed: WECHAT_CLOUD_API_BASE is not configured
cloud fetch status=allocated failed: WECHAT_CLOUD_API_BASE is not configured
cloud fetch status=completed failed: WECHAT_CLOUD_API_BASE is not configured
cloud fetch status=cancelled failed: WECHAT_CLOUD_API_BASE is not configured
cloud fetch status=rejected failed: WECHAT_CLOUD_API_BASE is not configured
cloud fetch status=pending failed: WECHAT_CLOUD_API_BASE is not configured
cloud fetch status=approved failed: WECHAT_CLOUD_API_BASE is not configured
cloud fetch status=contracted failed: WECHAT_CLOUD_API_BASE is not configured
cloud fetch status=partial_allocated failed: WECHAT_CLOUD_API_BASE is not configured
cloud fetch status=allocated failed: WECHAT_CLOUD_API_BASE is not configured
cloud fetch status=rejected failed: WECHAT_CLOUD_API_BASE is not configured
cloud fetch status=completed failed: WECHAT_CLOUD_API_BASE is not configured
cloud fetch status=cancelled failed: WECHAT_CLOUD_API_BASE is not configured
cloud fetch status=pending failed: WECHAT_CLOUD_API_BASE is not configured
cloud fetch status=approved failed: WECHAT_CLOUD_API_BASE is not configured
cloud fetch status=partial_allocated failed: WECHAT_CLOUD_API_BASE is not configured
cloud fetch status=contracted failed: WECHAT_CLOUD_API_BASE is not configured
cloud fetch status=allocated failed: WECHAT_CLOUD_API_BASE is not configured
cloud fetch status=completed failed: WECHAT_CLOUD_API_BASE is not configured
cloud fetch status=rejected failed: WECHAT_CLOUD_API_BASE is not configured
cloud fetch status=cancelled failed: WECHAT_CLOUD_API_BASE is not configured
cloud fetch status=approved failed: WECHAT_CLOUD_API_BASE is not configured
cloud fetch status=pending failed: WECHAT_CLOUD_API_BASE is not configured
cloud fetch status=partial_allocated failed: WECHAT_CLOUD_API_BASE is not configured
cloud fetch status=contracted failed: WECHAT_CLOUD_API_BASE is not configured
cloud fetch status=allocated failed: WECHAT_CLOUD_API_BASE is not configured
cloud fetch status=completed failed: WECHAT_CLOUD_API_BASE is not configured
cloud fetch status=rejected failed: WECHAT_CLOUD_API_BASE is not configured
cloud fetch status=cancelled failed: WECHAT_CLOUD_API_BASE is not configured
cloud fetch status=pending failed: WECHAT_CLOUD_API_BASE is not configured
cloud fetch status=contracted failed: WECHAT_CLOUD_API_BASE is not configured
cloud fetch status=approved failed: WECHAT_CLOUD_API_BASE is not configured
cloud fetch status=partial_allocated failed: WECHAT_CLOUD_API_BASE is not configured
cloud fetch status=allocated failed: WECHAT_CLOUD_API_BASE is not configured
cloud fetch status=completed failed: WECHAT_CLOUD_API_BASE is not configured
cloud fetch status=rejected failed: WECHAT_CLOUD_API_BASE is not configured
cloud fetch status=cancelled failed: WECHAT_CLOUD_API_BASE is not configured
cloud sync event failed: v8-outbox-wechat_batch_summary_sync-c56fd797818449ee963c13ef63dd9e44 WECHAT_CLOUD_API_BASE is not configured
cloud sync event failed: v8-outbox-wechat_batch_summary_sync-9ef948fa045f40acbf0e4912b6b23aff WECHAT_CLOUD_API_BASE is not configured
cloud sync event failed: v8-outbox-wechat_batch_summary_sync-6c496a95305249179993bb63dbfdd031 WECHAT_CLOUD_API_BASE is not configured
cloud sync event failed: v8-outbox-wechat_batch_summary_sync-3d62021a6b4e4c428b2bcfb4a83f2dbd WECHAT_CLOUD_API_BASE is not configured
cloud sync event failed: v8-outbox-wechat_batch_summary_sync-e75ae53d1a4b46f781eae8f34fc19950 WECHAT_CLOUD_API_BASE is not configured
cloud sync event failed: v8-outbox-wechat_batch_summary_sync-42c877078ffa44c688d2db8d0d3b9a99 WECHAT_CLOUD_API_BASE is not configured
cloud sync event failed: v8-outbox-wechat_batch_summary_sync-60fb241901b14a17be225de8182b88bf WECHAT_CLOUD_API_BASE is not configured
cloud sync event failed: v8-outbox-wechat_batch_summary_sync-154b774b13e54551b41a573d60c04812 WECHAT_CLOUD_API_BASE is not configured
cloud sync event failed: v8-outbox-wechat_batch_summary_sync-5a42293a26094d7397718b2e72e7b3c9 WECHAT_CLOUD_API_BASE is not configured
cloud sync event failed: v8-outbox-wechat_batch_summary_sync-54f7f6be01d5497a8156afb0a56d7dee WECHAT_CLOUD_API_BASE is not configured
cloud sync event failed: v8-outbox-wechat_batch_summary_sync-336f6de3d0ef4c5b8db4910999445ffa WECHAT_CLOUD_API_BASE is not configured
cloud sync event failed: v8-outbox-wechat_batch_summary_sync-2ca79fcfa37849ddaeafd235ab7d34c8 WECHAT_CLOUD_API_BASE is not configured
cloud sync event failed: v8-outbox-wechat_batch_summary_sync-8bd7cdd42f534cb0b85d151f04775148 WECHAT_CLOUD_API_BASE is not configured
cloud sync event failed: v8-outbox-wechat_batch_summary_sync-3a763602b8b0483590ac9c323b823e35 WECHAT_CLOUD_API_BASE is not configured
cloud sync event failed: v8-outbox-wechat_batch_summary_sync-07cf1aff761a45d5a16627c2d09b04c3 WECHAT_CLOUD_API_BASE is not configured
cloud sync event failed: v8-outbox-wechat_batch_summary_sync-edd9264512954288a9f44573c76d2ea3 WECHAT_CLOUD_API_BASE is not configured
cloud sync event failed: v8-outbox-wechat_batch_summary_sync-c8dce93a664f4e0e9604c483a631d2de WECHAT_CLOUD_API_BASE is not configured
cloud sync event failed: v8-outbox-wechat_batch_summary_sync-0337518b49ff4cc6bde1f3c76c746bd2 WECHAT_CLOUD_API_BASE is not configured
cloud fetch status=pending failed: WECHAT_CLOUD_API_BASE is not configured
cloud fetch status=approved failed: WECHAT_CLOUD_API_BASE is not configured
cloud fetch status=contracted failed: WECHAT_CLOUD_API_BASE is not configured
cloud fetch status=partial_allocated failed: WECHAT_CLOUD_API_BASE is not configured
cloud fetch status=allocated failed: WECHAT_CLOUD_API_BASE is not configured
cloud fetch status=completed failed: WECHAT_CLOUD_API_BASE is not configured
cloud fetch status=rejected failed: WECHAT_CLOUD_API_BASE is not configured
cloud fetch status=cancelled failed: WECHAT_CLOUD_API_BASE is not configured
cloud fetch status=pending failed: WECHAT_CLOUD_API_BASE is not configured
cloud fetch status=approved failed: WECHAT_CLOUD_API_BASE is not configured
cloud fetch status=contracted failed: WECHAT_CLOUD_API_BASE is not configured
cloud fetch status=partial_allocated failed: WECHAT_CLOUD_API_BASE is not configured
cloud fetch status=allocated failed: WECHAT_CLOUD_API_BASE is not configured
cloud fetch status=completed failed: WECHAT_CLOUD_API_BASE is not configured
cloud fetch status=rejected failed: WECHAT_CLOUD_API_BASE is not configured
cloud fetch status=cancelled failed: WECHAT_CLOUD_API_BASE is not configured
cloud fetch status=pending failed: WECHAT_CLOUD_API_BASE is not configured
cloud fetch status=partial_allocated failed: WECHAT_CLOUD_API_BASE is not configured
cloud fetch status=approved failed: WECHAT_CLOUD_API_BASE is not configured
cloud fetch status=contracted failed: WECHAT_CLOUD_API_BASE is not configured
cloud fetch status=allocated failed: WECHAT_CLOUD_API_BASE is not configured
cloud fetch status=rejected failed: WECHAT_CLOUD_API_BASE is not configured
cloud fetch status=cancelled failed: WECHAT_CLOUD_API_BASE is not configured
cloud fetch status=completed failed: WECHAT_CLOUD_API_BASE is not configured
cloud fetch status=pending failed: WECHAT_CLOUD_API_BASE is not configured
cloud fetch status=approved failed: WECHAT_CLOUD_API_BASE is not configured
cloud fetch status=partial_allocated failed: WECHAT_CLOUD_API_BASE is not configured
cloud fetch status=contracted failed: WECHAT_CLOUD_API_BASE is not configured
cloud fetch status=allocated failed: WECHAT_CLOUD_API_BASE is not configured
cloud fetch status=completed failed: WECHAT_CLOUD_API_BASE is not configured
cloud fetch status=rejected failed: WECHAT_CLOUD_API_BASE is not configured
cloud fetch status=cancelled failed: WECHAT_CLOUD_API_BASE is not configured
cloud fetch status=pending failed: WECHAT_CLOUD_API_BASE is not configured
cloud fetch status=contracted failed: WECHAT_CLOUD_API_BASE is not configured
cloud fetch status=approved failed: WECHAT_CLOUD_API_BASE is not configured
cloud fetch status=partial_allocated failed: WECHAT_CLOUD_API_BASE is not configured
cloud fetch status=allocated failed: WECHAT_CLOUD_API_BASE is not configured
cloud fetch status=completed failed: WECHAT_CLOUD_API_BASE is not configured
cloud fetch status=rejected failed: WECHAT_CLOUD_API_BASE is not configured
cloud fetch status=cancelled failed: WECHAT_CLOUD_API_BASE is not configured
cloud fetch status=pending failed: WECHAT_CLOUD_API_BASE is not configured
cloud fetch status=approved failed: WECHAT_CLOUD_API_BASE is not configured
cloud fetch status=contracted failed: WECHAT_CLOUD_API_BASE is not configured
cloud fetch status=partial_allocated failed: WECHAT_CLOUD_API_BASE is not configured
cloud fetch status=allocated failed: WECHAT_CLOUD_API_BASE is not configured
cloud fetch status=completed failed: WECHAT_CLOUD_API_BASE is not configured
cloud fetch status=rejected failed: WECHAT_CLOUD_API_BASE is not configured
cloud fetch status=cancelled failed: WECHAT_CLOUD_API_BASE is not configured
cloud fetch status=pending failed: WECHAT_CLOUD_API_BASE is not configured
cloud fetch status=approved failed: WECHAT_CLOUD_API_BASE is not configured
cloud fetch status=partial_allocated failed: WECHAT_CLOUD_API_BASE is not configured
cloud fetch status=contracted failed: WECHAT_CLOUD_API_BASE is not configured
cloud fetch status=allocated failed: WECHAT_CLOUD_API_BASE is not configured
cloud fetch status=completed failed: WECHAT_CLOUD_API_BASE is not configured
cloud fetch status=cancelled failed: WECHAT_CLOUD_API_BASE is not configured
cloud fetch status=rejected failed: WECHAT_CLOUD_API_BASE is not configured
cloud fetch status=pending failed: WECHAT_CLOUD_API_BASE is not configured
cloud fetch status=approved failed: WECHAT_CLOUD_API_BASE is not configured
cloud fetch status=contracted failed: WECHAT_CLOUD_API_BASE is not configured
cloud fetch status=partial_allocated failed: WECHAT_CLOUD_API_BASE is not configured
cloud fetch status=allocated failed: WECHAT_CLOUD_API_BASE is not configured
cloud fetch status=completed failed: WECHAT_CLOUD_API_BASE is not configured
cloud fetch status=rejected failed: WECHAT_CLOUD_API_BASE is not configured
cloud fetch status=cancelled failed: WECHAT_CLOUD_API_BASE is not configured
cloud fetch status=pending failed: WECHAT_CLOUD_API_BASE is not configured
cloud fetch status=approved failed: WECHAT_CLOUD_API_BASE is not configured
cloud fetch status=contracted failed: WECHAT_CLOUD_API_BASE is not configured
cloud fetch status=partial_allocated failed: WECHAT_CLOUD_API_BASE is not configured
cloud fetch status=allocated failed: WECHAT_CLOUD_API_BASE is not configured
cloud fetch status=completed failed: WECHAT_CLOUD_API_BASE is not configured
cloud fetch status=rejected failed: WECHAT_CLOUD_API_BASE is not configured
cloud fetch status=cancelled failed: WECHAT_CLOUD_API_BASE is not configured
cloud fetch status=pending failed: WECHAT_CLOUD_API_BASE is not configured
cloud fetch status=approved failed: WECHAT_CLOUD_API_BASE is not configured
cloud fetch status=contracted failed: WECHAT_CLOUD_API_BASE is not configured
cloud fetch status=partial_allocated failed: WECHAT_CLOUD_API_BASE is not configured
cloud fetch status=allocated failed: WECHAT_CLOUD_API_BASE is not configured
cloud fetch status=completed failed: WECHAT_CLOUD_API_BASE is not configured
cloud fetch status=rejected failed: WECHAT_CLOUD_API_BASE is not configured
cloud fetch status=cancelled failed: WECHAT_CLOUD_API_BASE is not configured
cloud sync event failed: v8-outbox-wechat_batch_summary_sync-c56fd797818449ee963c13ef63dd9e44 WECHAT_CLOUD_API_BASE is not configured
cloud sync event failed: v8-outbox-wechat_batch_summary_sync-9ef948fa045f40acbf0e4912b6b23aff WECHAT_CLOUD_API_BASE is not configured
cloud sync event failed: v8-outbox-wechat_batch_summary_sync-6c496a95305249179993bb63dbfdd031 WECHAT_CLOUD_API_BASE is not configured
cloud sync event failed: v8-outbox-wechat_batch_summary_sync-3d62021a6b4e4c428b2bcfb4a83f2dbd WECHAT_CLOUD_API_BASE is not configured
cloud sync event failed: v8-outbox-wechat_batch_summary_sync-e75ae53d1a4b46f781eae8f34fc19950 WECHAT_CLOUD_API_BASE is not configured
cloud sync event failed: v8-outbox-wechat_batch_summary_sync-42c877078ffa44c688d2db8d0d3b9a99 WECHAT_CLOUD_API_BASE is not configured
cloud sync event failed: v8-outbox-wechat_batch_summary_sync-60fb241901b14a17be225de8182b88bf WECHAT_CLOUD_API_BASE is not configured
cloud sync event failed: v8-outbox-wechat_batch_summary_sync-154b774b13e54551b41a573d60c04812 WECHAT_CLOUD_API_BASE is not configured
cloud sync event failed: v8-outbox-wechat_batch_summary_sync-5a42293a26094d7397718b2e72e7b3c9 WECHAT_CLOUD_API_BASE is not configured
cloud sync event failed: v8-outbox-wechat_batch_summary_sync-54f7f6be01d5497a8156afb0a56d7dee WECHAT_CLOUD_API_BASE is not configured
cloud sync event failed: v8-outbox-wechat_batch_summary_sync-336f6de3d0ef4c5b8db4910999445ffa WECHAT_CLOUD_API_BASE is not configured
cloud sync event failed: v8-outbox-wechat_batch_summary_sync-2ca79fcfa37849ddaeafd235ab7d34c8 WECHAT_CLOUD_API_BASE is not configured
cloud sync event failed: v8-outbox-wechat_batch_summary_sync-8bd7cdd42f534cb0b85d151f04775148 WECHAT_CLOUD_API_BASE is not configured
cloud sync event failed: v8-outbox-wechat_batch_summary_sync-3a763602b8b0483590ac9c323b823e35 WECHAT_CLOUD_API_BASE is not configured
cloud sync event failed: v8-outbox-wechat_batch_summary_sync-07cf1aff761a45d5a16627c2d09b04c3 WECHAT_CLOUD_API_BASE is not configured
cloud sync event failed: v8-outbox-wechat_batch_summary_sync-edd9264512954288a9f44573c76d2ea3 WECHAT_CLOUD_API_BASE is not configured
cloud sync event failed: v8-outbox-wechat_batch_summary_sync-c8dce93a664f4e0e9604c483a631d2de WECHAT_CLOUD_API_BASE is not configured
cloud sync event failed: v8-outbox-wechat_batch_summary_sync-0337518b49ff4cc6bde1f3c76c746bd2 WECHAT_CLOUD_API_BASE is not configured
cloud fetch status=pending failed: WECHAT_CLOUD_API_BASE is not configured
cloud fetch status=approved failed: WECHAT_CLOUD_API_BASE is not configured
cloud fetch status=partial_allocated failed: WECHAT_CLOUD_API_BASE is not configured
cloud fetch status=contracted failed: WECHAT_CLOUD_API_BASE is not configured
cloud fetch status=allocated failed: WECHAT_CLOUD_API_BASE is not configured
cloud fetch status=completed failed: WECHAT_CLOUD_API_BASE is not configured
cloud fetch status=rejected failed: WECHAT_CLOUD_API_BASE is not configured
cloud fetch status=cancelled failed: WECHAT_CLOUD_API_BASE is not configured
cloud fetch status=pending failed: WECHAT_CLOUD_API_BASE is not configured
cloud fetch status=approved failed: WECHAT_CLOUD_API_BASE is not configured
cloud fetch status=contracted failed: WECHAT_CLOUD_API_BASE is not configured
cloud fetch status=partial_allocated failed: WECHAT_CLOUD_API_BASE is not configured
cloud fetch status=allocated failed: WECHAT_CLOUD_API_BASE is not configured
cloud fetch status=completed failed: WECHAT_CLOUD_API_BASE is not configured
cloud fetch status=rejected failed: WECHAT_CLOUD_API_BASE is not configured
cloud fetch status=cancelled failed: WECHAT_CLOUD_API_BASE is not configured
cloud fetch status=pending failed: WECHAT_CLOUD_API_BASE is not configured
cloud fetch status=contracted failed: WECHAT_CLOUD_API_BASE is not configured
cloud fetch status=approved failed: WECHAT_CLOUD_API_BASE is not configured
cloud fetch status=partial_allocated failed: WECHAT_CLOUD_API_BASE is not configured
cloud fetch status=allocated failed: WECHAT_CLOUD_API_BASE is not configured
cloud fetch status=completed failed: WECHAT_CLOUD_API_BASE is not configured
cloud fetch status=rejected failed: WECHAT_CLOUD_API_BASE is not configured
cloud fetch status=cancelled failed: WECHAT_CLOUD_API_BASE is not configured
cloud fetch status=pending failed: WECHAT_CLOUD_API_BASE is not configured
cloud fetch status=approved failed: WECHAT_CLOUD_API_BASE is not configured
cloud fetch status=contracted failed: WECHAT_CLOUD_API_BASE is not configured
cloud fetch status=partial_allocated failed: WECHAT_CLOUD_API_BASE is not configured
cloud fetch status=allocated failed: WECHAT_CLOUD_API_BASE is not configured
cloud fetch status=completed failed: WECHAT_CLOUD_API_BASE is not configured
cloud fetch status=rejected failed: WECHAT_CLOUD_API_BASE is not configured
cloud fetch status=cancelled failed: WECHAT_CLOUD_API_BASE is not configured
cloud fetch status=approved failed: WECHAT_CLOUD_API_BASE is not configured
cloud fetch status=contracted failed: WECHAT_CLOUD_API_BASE is not configured
cloud fetch status=pending failed: WECHAT_CLOUD_API_BASE is not configured
cloud fetch status=partial_allocated failed: WECHAT_CLOUD_API_BASE is not configured
cloud fetch status=allocated failed: WECHAT_CLOUD_API_BASE is not configured
cloud fetch status=completed failed: WECHAT_CLOUD_API_BASE is not configured
cloud fetch status=cancelled failed: WECHAT_CLOUD_API_BASE is not configured
cloud fetch status=rejected failed: WECHAT_CLOUD_API_BASE is not configured
cloud fetch status=pending failed: WECHAT_CLOUD_API_BASE is not configured
cloud fetch status=approved failed: WECHAT_CLOUD_API_BASE is not configured
cloud fetch status=contracted failed: WECHAT_CLOUD_API_BASE is not configured
cloud fetch status=partial_allocated failed: WECHAT_CLOUD_API_BASE is not configured
cloud fetch status=allocated failed: WECHAT_CLOUD_API_BASE is not configured
cloud fetch status=completed failed: WECHAT_CLOUD_API_BASE is not configured
cloud fetch status=rejected failed: WECHAT_CLOUD_API_BASE is not configured
cloud fetch status=cancelled failed: WECHAT_CLOUD_API_BASE is not configured
cloud fetch status=pending failed: WECHAT_CLOUD_API_BASE is not configured
cloud fetch status=approved failed: WECHAT_CLOUD_API_BASE is not configured
cloud fetch status=contracted failed: WECHAT_CLOUD_API_BASE is not configured
cloud fetch status=partial_allocated failed: WECHAT_CLOUD_API_BASE is not configured
cloud fetch status=allocated failed: WECHAT_CLOUD_API_BASE is not configured
cloud fetch status=completed failed: WECHAT_CLOUD_API_BASE is not configured
cloud fetch status=rejected failed: WECHAT_CLOUD_API_BASE is not configured
cloud fetch status=cancelled failed: WECHAT_CLOUD_API_BASE is not configured
cloud fetch status=approved failed: WECHAT_CLOUD_API_BASE is not configured
cloud fetch status=contracted failed: WECHAT_CLOUD_API_BASE is not configured
cloud fetch status=pending failed: WECHAT_CLOUD_API_BASE is not configured
cloud fetch status=partial_allocated failed: WECHAT_CLOUD_API_BASE is not configured
cloud fetch status=allocated failed: WECHAT_CLOUD_API_BASE is not configured
cloud fetch status=completed failed: WECHAT_CLOUD_API_BASE is not configured
cloud fetch status=rejected failed: WECHAT_CLOUD_API_BASE is not configured
cloud fetch status=cancelled failed: WECHAT_CLOUD_API_BASE is not configured
cloud fetch status=pending failed: WECHAT_CLOUD_API_BASE is not configured
cloud fetch status=approved failed: WECHAT_CLOUD_API_BASE is not configured
cloud fetch status=contracted failed: WECHAT_CLOUD_API_BASE is not configured
cloud fetch status=partial_allocated failed: WECHAT_CLOUD_API_BASE is not configured
cloud fetch status=allocated failed: WECHAT_CLOUD_API_BASE is not configured
cloud fetch status=completed failed: WECHAT_CLOUD_API_BASE is not configured
cloud fetch status=rejected failed: WECHAT_CLOUD_API_BASE is not configured
cloud fetch status=cancelled failed: WECHAT_CLOUD_API_BASE is not configured
cloud fetch status=pending failed: WECHAT_CLOUD_API_BASE is not configured
cloud fetch status=approved failed: WECHAT_CLOUD_API_BASE is not configured
cloud fetch status=contracted failed: WECHAT_CLOUD_API_BASE is not configured
cloud fetch status=partial_allocated failed: WECHAT_CLOUD_API_BASE is not configured
cloud fetch status=allocated failed: WECHAT_CLOUD_API_BASE is not configured
cloud fetch status=completed failed: WECHAT_CLOUD_API_BASE is not configured
cloud fetch status=rejected failed: WECHAT_CLOUD_API_BASE is not configured
cloud fetch status=cancelled failed: WECHAT_CLOUD_API_BASE is not configured
cloud sync event failed: v8-outbox-wechat_batch_summary_sync-c56fd797818449ee963c13ef63dd9e44 WECHAT_CLOUD_API_BASE is not configured
cloud sync event failed: v8-outbox-wechat_batch_summary_sync-9ef948fa045f40acbf0e4912b6b23aff WECHAT_CLOUD_API_BASE is not configured
cloud sync event failed: v8-outbox-wechat_batch_summary_sync-6c496a95305249179993bb63dbfdd031 WECHAT_CLOUD_API_BASE is not configured
cloud sync event failed: v8-outbox-wechat_batch_summary_sync-3d62021a6b4e4c428b2bcfb4a83f2dbd WECHAT_CLOUD_API_BASE is not configured
cloud sync event failed: v8-outbox-wechat_batch_summary_sync-e75ae53d1a4b46f781eae8f34fc19950 WECHAT_CLOUD_API_BASE is not configured
cloud sync event failed: v8-outbox-wechat_batch_summary_sync-42c877078ffa44c688d2db8d0d3b9a99 WECHAT_CLOUD_API_BASE is not configured
cloud sync event failed: v8-outbox-wechat_batch_summary_sync-60fb241901b14a17be225de8182b88bf WECHAT_CLOUD_API_BASE is not configured
cloud sync event failed: v8-outbox-wechat_batch_summary_sync-154b774b13e54551b41a573d60c04812 WECHAT_CLOUD_API_BASE is not configured
cloud sync event failed: v8-outbox-wechat_batch_summary_sync-5a42293a26094d7397718b2e72e7b3c9 WECHAT_CLOUD_API_BASE is not configured
cloud sync event failed: v8-outbox-wechat_batch_summary_sync-54f7f6be01d5497a8156afb0a56d7dee WECHAT_CLOUD_API_BASE is not configured
cloud sync event failed: v8-outbox-wechat_batch_summary_sync-336f6de3d0ef4c5b8db4910999445ffa WECHAT_CLOUD_API_BASE is not configured
cloud sync event failed: v8-outbox-wechat_batch_summary_sync-2ca79fcfa37849ddaeafd235ab7d34c8 WECHAT_CLOUD_API_BASE is not configured
cloud sync event failed: v8-outbox-wechat_batch_summary_sync-8bd7cdd42f534cb0b85d151f04775148 WECHAT_CLOUD_API_BASE is not configured
cloud sync event failed: v8-outbox-wechat_batch_summary_sync-3a763602b8b0483590ac9c323b823e35 WECHAT_CLOUD_API_BASE is not configured
cloud sync event failed: v8-outbox-wechat_batch_summary_sync-07cf1aff761a45d5a16627c2d09b04c3 WECHAT_CLOUD_API_BASE is not configured
cloud sync event failed: v8-outbox-wechat_batch_summary_sync-edd9264512954288a9f44573c76d2ea3 WECHAT_CLOUD_API_BASE is not configured
cloud sync event failed: v8-outbox-wechat_batch_summary_sync-c8dce93a664f4e0e9604c483a631d2de WECHAT_CLOUD_API_BASE is not configured
cloud sync event failed: v8-outbox-wechat_batch_summary_sync-0337518b49ff4cc6bde1f3c76c746bd2 WECHAT_CLOUD_API_BASE is not configured
cloud fetch status=pending failed: WECHAT_CLOUD_API_BASE is not configured
cloud fetch status=approved failed: WECHAT_CLOUD_API_BASE is not configured
cloud fetch status=partial_allocated failed: WECHAT_CLOUD_API_BASE is not configured
cloud fetch status=contracted failed: WECHAT_CLOUD_API_BASE is not configured
cloud fetch status=allocated failed: WECHAT_CLOUD_API_BASE is not configured
cloud fetch status=completed failed: WECHAT_CLOUD_API_BASE is not configured
cloud fetch status=cancelled failed: WECHAT_CLOUD_API_BASE is not configured
cloud fetch status=rejected failed: WECHAT_CLOUD_API_BASE is not configured
cloud fetch status=pending failed: WECHAT_CLOUD_API_BASE is not configured
cloud fetch status=approved failed: WECHAT_CLOUD_API_BASE is not configured
cloud fetch status=contracted failed: WECHAT_CLOUD_API_BASE is not configured
cloud fetch status=partial_allocated failed: WECHAT_CLOUD_API_BASE is not configured
cloud fetch status=allocated failed: WECHAT_CLOUD_API_BASE is not configured
cloud fetch status=completed failed: WECHAT_CLOUD_API_BASE is not configured
cloud fetch status=rejected failed: WECHAT_CLOUD_API_BASE is not configured
cloud fetch status=cancelled failed: WECHAT_CLOUD_API_BASE is not configured
cloud fetch status=approved failed: WECHAT_CLOUD_API_BASE is not configured
cloud fetch status=pending failed: WECHAT_CLOUD_API_BASE is not configured
cloud fetch status=contracted failed: WECHAT_CLOUD_API_BASE is not configured
cloud fetch status=partial_allocated failed: WECHAT_CLOUD_API_BASE is not configured
cloud fetch status=allocated failed: WECHAT_CLOUD_API_BASE is not configured
cloud fetch status=completed failed: WECHAT_CLOUD_API_BASE is not configured
cloud fetch status=rejected failed: WECHAT_CLOUD_API_BASE is not configured
cloud fetch status=cancelled failed: WECHAT_CLOUD_API_BASE is not configured
cloud fetch status=pending failed: WECHAT_CLOUD_API_BASE is not configured
cloud fetch status=partial_allocated failed: WECHAT_CLOUD_API_BASE is not configured
cloud fetch status=approved failed: WECHAT_CLOUD_API_BASE is not configured
cloud fetch status=contracted failed: WECHAT_CLOUD_API_BASE is not configured
cloud fetch status=allocated failed: WECHAT_CLOUD_API_BASE is not configured
cloud fetch status=rejected failed: WECHAT_CLOUD_API_BASE is not configured
cloud fetch status=cancelled failed: WECHAT_CLOUD_API_BASE is not configured
cloud fetch status=completed failed: WECHAT_CLOUD_API_BASE is not configured
cloud fetch status=pending failed: WECHAT_CLOUD_API_BASE is not configured
cloud fetch status=approved failed: WECHAT_CLOUD_API_BASE is not configured
cloud fetch status=contracted failed: WECHAT_CLOUD_API_BASE is not configured
cloud fetch status=partial_allocated failed: WECHAT_CLOUD_API_BASE is not configured
cloud fetch status=allocated failed: WECHAT_CLOUD_API_BASE is not configured
cloud fetch status=completed failed: WECHAT_CLOUD_API_BASE is not configured
cloud fetch status=rejected failed: WECHAT_CLOUD_API_BASE is not configured
cloud fetch status=cancelled failed: WECHAT_CLOUD_API_BASE is not configured
cloud fetch status=pending failed: WECHAT_CLOUD_API_BASE is not configured
cloud fetch status=contracted failed: WECHAT_CLOUD_API_BASE is not configured
cloud fetch status=partial_allocated failed: WECHAT_CLOUD_API_BASE is not configured
cloud fetch status=approved failed: WECHAT_CLOUD_API_BASE is not configured
cloud fetch status=allocated failed: WECHAT_CLOUD_API_BASE is not configured
cloud fetch status=completed failed: WECHAT_CLOUD_API_BASE is not configured
cloud fetch status=rejected failed: WECHAT_CLOUD_API_BASE is not configured
cloud fetch status=cancelled failed: WECHAT_CLOUD_API_BASE is not configured
cloud fetch status=pending failed: WECHAT_CLOUD_API_BASE is not configured
cloud fetch status=approved failed: WECHAT_CLOUD_API_BASE is not configured
cloud fetch status=contracted failed: WECHAT_CLOUD_API_BASE is not configured
cloud fetch status=allocated failed: WECHAT_CLOUD_API_BASE is not configured
cloud fetch status=partial_allocated failed: WECHAT_CLOUD_API_BASE is not configured
cloud fetch status=completed failed: WECHAT_CLOUD_API_BASE is not configured
cloud fetch status=rejected failed: WECHAT_CLOUD_API_BASE is not configured
cloud fetch status=cancelled failed: WECHAT_CLOUD_API_BASE is not configured
cloud fetch status=pending failed: WECHAT_CLOUD_API_BASE is not configured
cloud fetch status=approved failed: WECHAT_CLOUD_API_BASE is not configured
cloud fetch status=partial_allocated failed: WECHAT_CLOUD_API_BASE is not configured
cloud fetch status=contracted failed: WECHAT_CLOUD_API_BASE is not configured
cloud fetch status=completed failed: WECHAT_CLOUD_API_BASE is not configured
cloud fetch status=allocated failed: WECHAT_CLOUD_API_BASE is not configured
cloud fetch status=rejected failed: WECHAT_CLOUD_API_BASE is not configured
cloud fetch status=cancelled failed: WECHAT_CLOUD_API_BASE is not configured
cloud fetch status=pending failed: WECHAT_CLOUD_API_BASE is not configured
cloud fetch status=approved failed: WECHAT_CLOUD_API_BASE is not configured
cloud fetch status=partial_allocated failed: WECHAT_CLOUD_API_BASE is not configured
cloud fetch status=contracted failed: WECHAT_CLOUD_API_BASE is not configured
cloud fetch status=allocated failed: WECHAT_CLOUD_API_BASE is not configured
cloud fetch status=completed failed: WECHAT_CLOUD_API_BASE is not configured
cloud fetch status=rejected failed: WECHAT_CLOUD_API_BASE is not configured
cloud fetch status=cancelled failed: WECHAT_CLOUD_API_BASE is not configured
cloud fetch status=pending failed: WECHAT_CLOUD_API_BASE is not configured
cloud fetch status=contracted failed: WECHAT_CLOUD_API_BASE is not configured
cloud fetch status=approved failed: WECHAT_CLOUD_API_BASE is not configured
cloud fetch status=partial_allocated failed: WECHAT_CLOUD_API_BASE is not configured
cloud fetch status=allocated failed: WECHAT_CLOUD_API_BASE is not configured
cloud fetch status=completed failed: WECHAT_CLOUD_API_BASE is not configured
cloud fetch status=rejected failed: WECHAT_CLOUD_API_BASE is not configured
cloud fetch status=cancelled failed: WECHAT_CLOUD_API_BASE is not configured
cloud sync event failed: v8-outbox-wechat_batch_summary_sync-c56fd797818449ee963c13ef63dd9e44 WECHAT_CLOUD_API_BASE is not configured
cloud sync event failed: v8-outbox-wechat_batch_summary_sync-9ef948fa045f40acbf0e4912b6b23aff WECHAT_CLOUD_API_BASE is not configured
cloud sync event failed: v8-outbox-wechat_batch_summary_sync-6c496a95305249179993bb63dbfdd031 WECHAT_CLOUD_API_BASE is not configured
cloud sync event failed: v8-outbox-wechat_batch_summary_sync-3d62021a6b4e4c428b2bcfb4a83f2dbd WECHAT_CLOUD_API_BASE is not configured
cloud sync event failed: v8-outbox-wechat_batch_summary_sync-e75ae53d1a4b46f781eae8f34fc19950 WECHAT_CLOUD_API_BASE is not configured
cloud sync event failed: v8-outbox-wechat_batch_summary_sync-42c877078ffa44c688d2db8d0d3b9a99 WECHAT_CLOUD_API_BASE is not configured
cloud sync event failed: v8-outbox-wechat_batch_summary_sync-60fb241901b14a17be225de8182b88bf WECHAT_CLOUD_API_BASE is not configured
cloud sync event failed: v8-outbox-wechat_batch_summary_sync-154b774b13e54551b41a573d60c04812 WECHAT_CLOUD_API_BASE is not configured
cloud sync event failed: v8-outbox-wechat_batch_summary_sync-5a42293a26094d7397718b2e72e7b3c9 WECHAT_CLOUD_API_BASE is not configured
cloud sync event failed: v8-outbox-wechat_batch_summary_sync-54f7f6be01d5497a8156afb0a56d7dee WECHAT_CLOUD_API_BASE is not configured
cloud sync event failed: v8-outbox-wechat_batch_summary_sync-336f6de3d0ef4c5b8db4910999445ffa WECHAT_CLOUD_API_BASE is not configured
cloud sync event failed: v8-outbox-wechat_batch_summary_sync-2ca79fcfa37849ddaeafd235ab7d34c8 WECHAT_CLOUD_API_BASE is not configured
cloud sync event failed: v8-outbox-wechat_batch_summary_sync-8bd7cdd42f534cb0b85d151f04775148 WECHAT_CLOUD_API_BASE is not configured
cloud sync event failed: v8-outbox-wechat_batch_summary_sync-3a763602b8b0483590ac9c323b823e35 WECHAT_CLOUD_API_BASE is not configured
cloud sync event failed: v8-outbox-wechat_batch_summary_sync-07cf1aff761a45d5a16627c2d09b04c3 WECHAT_CLOUD_API_BASE is not configured
cloud sync event failed: v8-outbox-wechat_batch_summary_sync-edd9264512954288a9f44573c76d2ea3 WECHAT_CLOUD_API_BASE is not configured
cloud sync event failed: v8-outbox-wechat_batch_summary_sync-c8dce93a664f4e0e9604c483a631d2de WECHAT_CLOUD_API_BASE is not configured
cloud sync event failed: v8-outbox-wechat_batch_summary_sync-0337518b49ff4cc6bde1f3c76c746bd2 WECHAT_CLOUD_API_BASE is not configured
cloud fetch status=approved failed: WECHAT_CLOUD_API_BASE is not configured
cloud fetch status=contracted failed: WECHAT_CLOUD_API_BASE is not configured
cloud fetch status=pending failed: WECHAT_CLOUD_API_BASE is not configured
cloud fetch status=partial_allocated failed: WECHAT_CLOUD_API_BASE is not configured
cloud fetch status=allocated failed: WECHAT_CLOUD_API_BASE is not configured
cloud fetch status=completed failed: WECHAT_CLOUD_API_BASE is not configured
cloud fetch status=rejected failed: WECHAT_CLOUD_API_BASE is not configured
cloud fetch status=cancelled failed: WECHAT_CLOUD_API_BASE is not configured
cloud fetch status=pending failed: WECHAT_CLOUD_API_BASE is not configured
cloud fetch status=approved failed: WECHAT_CLOUD_API_BASE is not configured
cloud fetch status=contracted failed: WECHAT_CLOUD_API_BASE is not configured
cloud fetch status=partial_allocated failed: WECHAT_CLOUD_API_BASE is not configured
cloud fetch status=allocated failed: WECHAT_CLOUD_API_BASE is not configured
cloud fetch status=completed failed: WECHAT_CLOUD_API_BASE is not configured
cloud fetch status=rejected failed: WECHAT_CLOUD_API_BASE is not configured
cloud fetch status=cancelled failed: WECHAT_CLOUD_API_BASE is not configured
cloud fetch status=pending failed: WECHAT_CLOUD_API_BASE is not configured
cloud fetch status=approved failed: WECHAT_CLOUD_API_BASE is not configured
cloud fetch status=partial_allocated failed: WECHAT_CLOUD_API_BASE is not configured
cloud fetch status=contracted failed: WECHAT_CLOUD_API_BASE is not configured
cloud fetch status=allocated failed: WECHAT_CLOUD_API_BASE is not configured
cloud fetch status=completed failed: WECHAT_CLOUD_API_BASE is not configured
cloud fetch status=rejected failed: WECHAT_CLOUD_API_BASE is not configured
cloud fetch status=cancelled failed: WECHAT_CLOUD_API_BASE is not configured
cloud fetch status=pending failed: WECHAT_CLOUD_API_BASE is not configured
cloud fetch status=approved failed: WECHAT_CLOUD_API_BASE is not configured
cloud fetch status=partial_allocated failed: WECHAT_CLOUD_API_BASE is not configured
cloud fetch status=contracted failed: WECHAT_CLOUD_API_BASE is not configured
cloud fetch status=rejected failed: WECHAT_CLOUD_API_BASE is not configured
cloud fetch status=completed failed: WECHAT_CLOUD_API_BASE is not configured
cloud fetch status=allocated failed: WECHAT_CLOUD_API_BASE is not configured
cloud fetch status=cancelled failed: WECHAT_CLOUD_API_BASE is not configured
cloud fetch status=pending failed: WECHAT_CLOUD_API_BASE is not configured
cloud fetch status=partial_allocated failed: WECHAT_CLOUD_API_BASE is not configured
cloud fetch status=contracted failed: WECHAT_CLOUD_API_BASE is not configured
cloud fetch status=approved failed: WECHAT_CLOUD_API_BASE is not configured
cloud fetch status=allocated failed: WECHAT_CLOUD_API_BASE is not configured
cloud fetch status=completed failed: WECHAT_CLOUD_API_BASE is not configured
cloud fetch status=cancelled failed: WECHAT_CLOUD_API_BASE is not configured
cloud fetch status=rejected failed: WECHAT_CLOUD_API_BASE is not configured
cloud fetch status=pending failed: WECHAT_CLOUD_API_BASE is not configured
cloud fetch status=contracted failed: WECHAT_CLOUD_API_BASE is not configured
cloud fetch status=partial_allocated failed: WECHAT_CLOUD_API_BASE is not configured
cloud fetch status=approved failed: WECHAT_CLOUD_API_BASE is not configured
cloud fetch status=allocated failed: WECHAT_CLOUD_API_BASE is not configured
cloud fetch status=completed failed: WECHAT_CLOUD_API_BASE is not configured
cloud fetch status=rejected failed: WECHAT_CLOUD_API_BASE is not configured
cloud fetch status=cancelled failed: WECHAT_CLOUD_API_BASE is not configured
cloud fetch status=approved failed: WECHAT_CLOUD_API_BASE is not configured
cloud fetch status=pending failed: WECHAT_CLOUD_API_BASE is not configured
cloud fetch status=partial_allocated failed: WECHAT_CLOUD_API_BASE is not configured
cloud fetch status=contracted failed: WECHAT_CLOUD_API_BASE is not configured
cloud fetch status=allocated failed: WECHAT_CLOUD_API_BASE is not configured
cloud fetch status=completed failed: WECHAT_CLOUD_API_BASE is not configured
cloud fetch status=rejected failed: WECHAT_CLOUD_API_BASE is not configured
cloud fetch status=cancelled failed: WECHAT_CLOUD_API_BASE is not configured
cloud fetch status=pending failed: WECHAT_CLOUD_API_BASE is not configured
cloud fetch status=contracted failed: WECHAT_CLOUD_API_BASE is not configured
cloud fetch status=partial_allocated failed: WECHAT_CLOUD_API_BASE is not configured
cloud fetch status=approved failed: WECHAT_CLOUD_API_BASE is not configured
cloud fetch status=allocated failed: WECHAT_CLOUD_API_BASE is not configured
cloud fetch status=completed failed: WECHAT_CLOUD_API_BASE is not configured
cloud fetch status=cancelled failed: WECHAT_CLOUD_API_BASE is not configured
cloud fetch status=rejected failed: WECHAT_CLOUD_API_BASE is not configured
cloud fetch status=pending failed: WECHAT_CLOUD_API_BASE is not configured
cloud fetch status=contracted failed: WECHAT_CLOUD_API_BASE is not configured
cloud fetch status=partial_allocated failed: WECHAT_CLOUD_API_BASE is not configured
cloud fetch status=approved failed: WECHAT_CLOUD_API_BASE is not configured
cloud fetch status=allocated failed: WECHAT_CLOUD_API_BASE is not configured
cloud fetch status=completed failed: WECHAT_CLOUD_API_BASE is not configured
cloud fetch status=rejected failed: WECHAT_CLOUD_API_BASE is not configured
cloud fetch status=cancelled failed: WECHAT_CLOUD_API_BASE is not configured
cloud fetch status=pending failed: WECHAT_CLOUD_API_BASE is not configured
cloud fetch status=approved failed: WECHAT_CLOUD_API_BASE is not configured
cloud fetch status=contracted failed: WECHAT_CLOUD_API_BASE is not configured
cloud fetch status=partial_allocated failed: WECHAT_CLOUD_API_BASE is not configured
cloud fetch status=allocated failed: WECHAT_CLOUD_API_BASE is not configured
cloud fetch status=completed failed: WECHAT_CLOUD_API_BASE is not configured
cloud fetch status=rejected failed: WECHAT_CLOUD_API_BASE is not configured
cloud fetch status=cancelled failed: WECHAT_CLOUD_API_BASE is not configured
INFO:     ('127.0.0.1', 54743) - "WebSocket /api/v1/ws?token=eyJhbGciOiJIUzI1NiIsInR5cCI6IkpXVCJ9.eyJleHAiOjE3OTE2MjI3MDUsInN1YiI6ImFkbWluIiwibmFtZSI6Ilx1N2NmYlx1N2VkZlx1N2JhMVx1NzQwNlx1NTQ1OCIsInJvbGUiOiJBZG1pbiJ9.196_dtfVcBu8nOny9yw_yTIXWF_t6B_FdkGKdZESnFo" [accepted]
INFO:     connection open
cloud sync event failed: v8-outbox-wechat_batch_summary_sync-c56fd797818449ee963c13ef63dd9e44 WECHAT_CLOUD_API_BASE is not configured
cloud sync event failed: v8-outbox-wechat_batch_summary_sync-9ef948fa045f40acbf0e4912b6b23aff WECHAT_CLOUD_API_BASE is not configured
cloud sync event failed: v8-outbox-wechat_batch_summary_sync-6c496a95305249179993bb63dbfdd031 WECHAT_CLOUD_API_BASE is not configured
cloud sync event failed: v8-outbox-wechat_batch_summary_sync-3d62021a6b4e4c428b2bcfb4a83f2dbd WECHAT_CLOUD_API_BASE is not configured
cloud sync event failed: v8-outbox-wechat_batch_summary_sync-e75ae53d1a4b46f781eae8f34fc19950 WECHAT_CLOUD_API_BASE is not configured
cloud sync event failed: v8-outbox-wechat_batch_summary_sync-42c877078ffa44c688d2db8d0d3b9a99 WECHAT_CLOUD_API_BASE is not configured
cloud sync event failed: v8-outbox-wechat_batch_summary_sync-60fb241901b14a17be225de8182b88bf WECHAT_CLOUD_API_BASE is not configured
cloud sync event failed: v8-outbox-wechat_batch_summary_sync-154b774b13e54551b41a573d60c04812 WECHAT_CLOUD_API_BASE is not configured
cloud sync event failed: v8-outbox-wechat_batch_summary_sync-5a42293a26094d7397718b2e72e7b3c9 WECHAT_CLOUD_API_BASE is not configured
cloud sync event failed: v8-outbox-wechat_batch_summary_sync-54f7f6be01d5497a8156afb0a56d7dee WECHAT_CLOUD_API_BASE is not configured
cloud sync event failed: v8-outbox-wechat_batch_summary_sync-336f6de3d0ef4c5b8db4910999445ffa WECHAT_CLOUD_API_BASE is not configured
cloud sync event failed: v8-outbox-wechat_batch_summary_sync-2ca79fcfa37849ddaeafd235ab7d34c8 WECHAT_CLOUD_API_BASE is not configured
cloud sync event failed: v8-outbox-wechat_batch_summary_sync-8bd7cdd42f534cb0b85d151f04775148 WECHAT_CLOUD_API_BASE is not configured
cloud sync event failed: v8-outbox-wechat_batch_summary_sync-3a763602b8b0483590ac9c323b823e35 WECHAT_CLOUD_API_BASE is not configured
cloud sync event failed: v8-outbox-wechat_batch_summary_sync-07cf1aff761a45d5a16627c2d09b04c3 WECHAT_CLOUD_API_BASE is not configured
cloud sync event failed: v8-outbox-wechat_batch_summary_sync-edd9264512954288a9f44573c76d2ea3 WECHAT_CLOUD_API_BASE is not configured
cloud sync event failed: v8-outbox-wechat_batch_summary_sync-c8dce93a664f4e0e9604c483a631d2de WECHAT_CLOUD_API_BASE is not configured
cloud sync event failed: v8-outbox-wechat_batch_summary_sync-0337518b49ff4cc6bde1f3c76c746bd2 WECHAT_CLOUD_API_BASE is not configured
cloud fetch status=pending failed: WECHAT_CLOUD_API_BASE is not configured
cloud fetch status=contracted failed: WECHAT_CLOUD_API_BASE is not configured
cloud fetch status=approved failed: WECHAT_CLOUD_API_BASE is not configured
cloud fetch status=partial_allocated failed: WECHAT_CLOUD_API_BASE is not configured
cloud fetch status=allocated failed: WECHAT_CLOUD_API_BASE is not configured
cloud fetch status=completed failed: WECHAT_CLOUD_API_BASE is not configured
cloud fetch status=rejected failed: WECHAT_CLOUD_API_BASE is not configured
cloud fetch status=cancelled failed: WECHAT_CLOUD_API_BASE is not configured
INFO:     ('127.0.0.1', 55262) - "WebSocket /api/v1/sandbox/ws?token=eyJhbGciOiJIUzI1NiIsInR5cCI6IkpXVCJ9.eyJleHAiOjE3OTE2MjI3MDUsInN1YiI6ImFkbWluIiwibmFtZSI6Ilx1N2NmYlx1N2VkZlx1N2JhMVx1NzQwNlx1NTQ1OCIsInJvbGUiOiJBZG1pbiJ9.196_dtfVcBu8nOny9yw_yTIXWF_t6B_FdkGKdZESnFo" [accepted]
INFO:     connection open
INFO:     connection closed
cloud fetch status=approved failed: WECHAT_CLOUD_API_BASE is not configured
cloud fetch status=contracted failed: WECHAT_CLOUD_API_BASE is not configured
cloud fetch status=pending failed: WECHAT_CLOUD_API_BASE is not configured
cloud fetch status=partial_allocated failed: WECHAT_CLOUD_API_BASE is not configured
cloud fetch status=completed failed: WECHAT_CLOUD_API_BASE is not configured
cloud fetch status=allocated failed: WECHAT_CLOUD_API_BASE is not configured
cloud fetch status=cancelled failed: WECHAT_CLOUD_API_BASE is not configured
cloud fetch status=rejected failed: WECHAT_CLOUD_API_BASE is not configured
INFO:     ('127.0.0.1', 52227) - "WebSocket /api/v1/sandbox/ws?token=eyJhbGciOiJIUzI1NiIsInR5cCI6IkpXVCJ9.eyJleHAiOjE3OTE2MjI3MDUsInN1YiI6ImFkbWluIiwibmFtZSI6Ilx1N2NmYlx1N2VkZlx1N2JhMVx1NzQwNlx1NTQ1OCIsInJvbGUiOiJBZG1pbiJ9.196_dtfVcBu8nOny9yw_yTIXWF_t6B_FdkGKdZESnFo" [accepted]
INFO:     connection open
INFO:     connection closed
cloud fetch status=pending failed: WECHAT_CLOUD_API_BASE is not configured
cloud fetch status=approved failed: WECHAT_CLOUD_API_BASE is not configured
cloud fetch status=partial_allocated failed: WECHAT_CLOUD_API_BASE is not configured
cloud fetch status=contracted failed: WECHAT_CLOUD_API_BASE is not configured
cloud fetch status=allocated failed: WECHAT_CLOUD_API_BASE is not configured
cloud fetch status=completed failed: WECHAT_CLOUD_API_BASE is not configured
cloud fetch status=cancelled failed: WECHAT_CLOUD_API_BASE is not configured
cloud fetch status=rejected failed: WECHAT_CLOUD_API_BASE is not configured
cloud fetch status=pending failed: WECHAT_CLOUD_API_BASE is not configured
cloud fetch status=approved failed: WECHAT_CLOUD_API_BASE is not configured
cloud fetch status=partial_allocated failed: WECHAT_CLOUD_API_BASE is not configured
cloud fetch status=contracted failed: WECHAT_CLOUD_API_BASE is not configured
cloud fetch status=allocated failed: WECHAT_CLOUD_API_BASE is not configured
cloud fetch status=completed failed: WECHAT_CLOUD_API_BASE is not configured
cloud fetch status=rejected failed: WECHAT_CLOUD_API_BASE is not configured
cloud fetch status=cancelled failed: WECHAT_CLOUD_API_BASE is not configured
cloud fetch status=pending failed: WECHAT_CLOUD_API_BASE is not configured
cloud fetch status=approved failed: WECHAT_CLOUD_API_BASE is not configured
cloud fetch status=contracted failed: WECHAT_CLOUD_API_BASE is not configured
cloud fetch status=partial_allocated failed: WECHAT_CLOUD_API_BASE is not configured
cloud fetch status=allocated failed: WECHAT_CLOUD_API_BASE is not configured
cloud fetch status=completed failed: WECHAT_CLOUD_API_BASE is not configured
cloud fetch status=rejected failed: WECHAT_CLOUD_API_BASE is not configured
cloud fetch status=cancelled failed: WECHAT_CLOUD_API_BASE is not configured
cloud fetch status=pending failed: WECHAT_CLOUD_API_BASE is not configured
cloud fetch status=contracted failed: WECHAT_CLOUD_API_BASE is not configured
cloud fetch status=approved failed: WECHAT_CLOUD_API_BASE is not configured
cloud fetch status=partial_allocated failed: WECHAT_CLOUD_API_BASE is not configured
cloud fetch status=allocated failed: WECHAT_CLOUD_API_BASE is not configured
cloud fetch status=completed failed: WECHAT_CLOUD_API_BASE is not configured
cloud fetch status=cancelled failed: WECHAT_CLOUD_API_BASE is not configured
cloud fetch status=rejected failed: WECHAT_CLOUD_API_BASE is not configured
cloud fetch status=pending failed: WECHAT_CLOUD_API_BASE is not configured
cloud fetch status=approved failed: WECHAT_CLOUD_API_BASE is not configured
cloud fetch status=contracted failed: WECHAT_CLOUD_API_BASE is not configured
cloud fetch status=partial_allocated failed: WECHAT_CLOUD_API_BASE is not configured
cloud fetch status=allocated failed: WECHAT_CLOUD_API_BASE is not configured
cloud fetch status=completed failed: WECHAT_CLOUD_API_BASE is not configured
cloud fetch status=rejected failed: WECHAT_CLOUD_API_BASE is not configured
cloud fetch status=cancelled failed: WECHAT_CLOUD_API_BASE is not configured
cloud fetch status=pending failed: WECHAT_CLOUD_API_BASE is not configured
cloud fetch status=approved failed: WECHAT_CLOUD_API_BASE is not configured
cloud fetch status=contracted failed: WECHAT_CLOUD_API_BASE is not configured
cloud fetch status=partial_allocated failed: WECHAT_CLOUD_API_BASE is not configured
cloud fetch status=allocated failed: WECHAT_CLOUD_API_BASE is not configured
cloud fetch status=completed failed: WECHAT_CLOUD_API_BASE is not configured
cloud fetch status=cancelled failed: WECHAT_CLOUD_API_BASE is not configured
cloud fetch status=rejected failed: WECHAT_CLOUD_API_BASE is not configured
cloud fetch status=approved failed: WECHAT_CLOUD_API_BASE is not configured
cloud fetch status=pending failed: WECHAT_CLOUD_API_BASE is not configured
cloud fetch status=partial_allocated failed: WECHAT_CLOUD_API_BASE is not configured
cloud fetch status=contracted failed: WECHAT_CLOUD_API_BASE is not configured
cloud fetch status=allocated failed: WECHAT_CLOUD_API_BASE is not configured
cloud fetch status=rejected failed: WECHAT_CLOUD_API_BASE is not configured
cloud fetch status=completed failed: WECHAT_CLOUD_API_BASE is not configured
cloud fetch status=cancelled failed: WECHAT_CLOUD_API_BASE is not configured
INFO:     ('127.0.0.1', 56145) - "WebSocket /api/v1/sandbox/ws?token=eyJhbGciOiJIUzI1NiIsInR5cCI6IkpXVCJ9.eyJleHAiOjE3OTE2MjI3MDUsInN1YiI6ImFkbWluIiwibmFtZSI6Ilx1N2NmYlx1N2VkZlx1N2JhMVx1NzQwNlx1NTQ1OCIsInJvbGUiOiJBZG1pbiJ9.196_dtfVcBu8nOny9yw_yTIXWF_t6B_FdkGKdZESnFo" [accepted]
INFO:     connection open
cloud sync event failed: v8-outbox-wechat_batch_summary_sync-ef49a6d5a6ad4064a7d6c73f3a09ef19 WECHAT_CLOUD_API_BASE is not configured
cloud sync event failed: v8-outbox-wechat_batch_summary_sync-07a3677848c148e8b57a8c98f5df20e4 WECHAT_CLOUD_API_BASE is not configured
INFO:     connection closed
cloud sync event failed: v8-outbox-wechat_batch_summary_sync-0f2c9d3625634f218c0fa0b18cd9ee66 WECHAT_CLOUD_API_BASE is not configured
cloud sync event failed: v8-outbox-wechat_batch_summary_sync-ef49a6d5a6ad4064a7d6c73f3a09ef19 WECHAT_CLOUD_API_BASE is not configured
cloud fetch status=pending failed: WECHAT_CLOUD_API_BASE is not configured
cloud fetch status=approved failed: WECHAT_CLOUD_API_BASE is not configured
cloud fetch status=contracted failed: WECHAT_CLOUD_API_BASE is not configured
cloud fetch status=partial_allocated failed: WECHAT_CLOUD_API_BASE is not configured
cloud sync event failed: v8-outbox-wechat_batch_summary_sync-07a3677848c148e8b57a8c98f5df20e4 WECHAT_CLOUD_API_BASE is not configured
cloud fetch status=allocated failed: WECHAT_CLOUD_API_BASE is not configured
cloud fetch status=completed failed: WECHAT_CLOUD_API_BASE is not configured
cloud fetch status=rejected failed: WECHAT_CLOUD_API_BASE is not configured
cloud fetch status=cancelled failed: WECHAT_CLOUD_API_BASE is not configured
cloud sync event failed: v8-outbox-wechat_batch_summary_sync-0f2c9d3625634f218c0fa0b18cd9ee66 WECHAT_CLOUD_API_BASE is not configured
cloud sync event failed: v8-outbox-wechat_batch_summary_sync-c56fd797818449ee963c13ef63dd9e44 WECHAT_CLOUD_API_BASE is not configured
cloud sync event failed: v8-outbox-wechat_batch_summary_sync-9ef948fa045f40acbf0e4912b6b23aff WECHAT_CLOUD_API_BASE is not configured
cloud sync event failed: v8-outbox-wechat_batch_summary_sync-6c496a95305249179993bb63dbfdd031 WECHAT_CLOUD_API_BASE is not configured
cloud sync event failed: v8-outbox-wechat_batch_summary_sync-3d62021a6b4e4c428b2bcfb4a83f2dbd WECHAT_CLOUD_API_BASE is not configured
cloud sync event failed: v8-outbox-wechat_batch_summary_sync-e75ae53d1a4b46f781eae8f34fc19950 WECHAT_CLOUD_API_BASE is not configured
cloud sync event failed: v8-outbox-wechat_batch_summary_sync-42c877078ffa44c688d2db8d0d3b9a99 WECHAT_CLOUD_API_BASE is not configured
cloud sync event failed: v8-outbox-wechat_batch_summary_sync-60fb241901b14a17be225de8182b88bf WECHAT_CLOUD_API_BASE is not configured
cloud sync event failed: v8-outbox-wechat_batch_summary_sync-154b774b13e54551b41a573d60c04812 WECHAT_CLOUD_API_BASE is not configured
cloud sync event failed: v8-outbox-wechat_batch_summary_sync-5a42293a26094d7397718b2e72e7b3c9 WECHAT_CLOUD_API_BASE is not configured
cloud sync event failed: v8-outbox-wechat_batch_summary_sync-54f7f6be01d5497a8156afb0a56d7dee WECHAT_CLOUD_API_BASE is not configured
cloud sync event failed: v8-outbox-wechat_batch_summary_sync-336f6de3d0ef4c5b8db4910999445ffa WECHAT_CLOUD_API_BASE is not configured
cloud sync event failed: v8-outbox-wechat_batch_summary_sync-2ca79fcfa37849ddaeafd235ab7d34c8 WECHAT_CLOUD_API_BASE is not configured
cloud sync event failed: v8-outbox-wechat_batch_summary_sync-8bd7cdd42f534cb0b85d151f04775148 WECHAT_CLOUD_API_BASE is not configured
cloud sync event failed: v8-outbox-wechat_batch_summary_sync-3a763602b8b0483590ac9c323b823e35 WECHAT_CLOUD_API_BASE is not configured
cloud sync event failed: v8-outbox-wechat_batch_summary_sync-07cf1aff761a45d5a16627c2d09b04c3 WECHAT_CLOUD_API_BASE is not configured
cloud sync event failed: v8-outbox-wechat_batch_summary_sync-edd9264512954288a9f44573c76d2ea3 WECHAT_CLOUD_API_BASE is not configured
cloud sync event failed: v8-outbox-wechat_batch_summary_sync-c8dce93a664f4e0e9604c483a631d2de WECHAT_CLOUD_API_BASE is not configured
cloud sync event failed: v8-outbox-wechat_batch_summary_sync-0337518b49ff4cc6bde1f3c76c746bd2 WECHAT_CLOUD_API_BASE is not configured
cloud fetch status=pending failed: WECHAT_CLOUD_API_BASE is not configured
cloud fetch status=approved failed: WECHAT_CLOUD_API_BASE is not configured
cloud fetch status=partial_allocated failed: WECHAT_CLOUD_API_BASE is not configured
cloud fetch status=contracted failed: WECHAT_CLOUD_API_BASE is not configured
cloud fetch status=allocated failed: WECHAT_CLOUD_API_BASE is not configured
cloud fetch status=completed failed: WECHAT_CLOUD_API_BASE is not configured
cloud fetch status=rejected failed: WECHAT_CLOUD_API_BASE is not configured
cloud fetch status=cancelled failed: WECHAT_CLOUD_API_BASE is not configured
cloud fetch status=pending failed: WECHAT_CLOUD_API_BASE is not configured
cloud fetch status=approved failed: WECHAT_CLOUD_API_BASE is not configured
cloud fetch status=contracted failed: WECHAT_CLOUD_API_BASE is not configured
cloud fetch status=partial_allocated failed: WECHAT_CLOUD_API_BASE is not configured
cloud fetch status=allocated failed: WECHAT_CLOUD_API_BASE is not configured
cloud fetch status=cancelled failed: WECHAT_CLOUD_API_BASE is not configured
cloud fetch status=rejected failed: WECHAT_CLOUD_API_BASE is not configured
cloud fetch status=completed failed: WECHAT_CLOUD_API_BASE is not configured
cloud sync event failed: v8-outbox-wechat_batch_summary_sync-ef49a6d5a6ad4064a7d6c73f3a09ef19 WECHAT_CLOUD_API_BASE is not configured
cloud sync event failed: v8-outbox-wechat_batch_summary_sync-07a3677848c148e8b57a8c98f5df20e4 WECHAT_CLOUD_API_BASE is not configured
cloud sync event failed: v8-outbox-wechat_batch_summary_sync-0f2c9d3625634f218c0fa0b18cd9ee66 WECHAT_CLOUD_API_BASE is not configured
cloud fetch status=pending failed: WECHAT_CLOUD_API_BASE is not configured
cloud fetch status=approved failed: WECHAT_CLOUD_API_BASE is not configured
cloud fetch status=partial_allocated failed: WECHAT_CLOUD_API_BASE is not configured
cloud fetch status=contracted failed: WECHAT_CLOUD_API_BASE is not configured
cloud fetch status=allocated failed: WECHAT_CLOUD_API_BASE is not configured
cloud fetch status=completed failed: WECHAT_CLOUD_API_BASE is not configured
cloud fetch status=rejected failed: WECHAT_CLOUD_API_BASE is not configured
cloud fetch status=cancelled failed: WECHAT_CLOUD_API_BASE is not configured
cloud fetch status=pending failed: WECHAT_CLOUD_API_BASE is not configured
cloud fetch status=approved failed: WECHAT_CLOUD_API_BASE is not configured
cloud fetch status=contracted failed: WECHAT_CLOUD_API_BASE is not configured
cloud fetch status=partial_allocated failed: WECHAT_CLOUD_API_BASE is not configured
cloud fetch status=allocated failed: WECHAT_CLOUD_API_BASE is not configured
cloud fetch status=completed failed: WECHAT_CLOUD_API_BASE is not configured
cloud fetch status=rejected failed: WECHAT_CLOUD_API_BASE is not configured
cloud fetch status=cancelled failed: WECHAT_CLOUD_API_BASE is not configured
cloud fetch status=approved failed: WECHAT_CLOUD_API_BASE is not configured
cloud fetch status=pending failed: WECHAT_CLOUD_API_BASE is not configured
cloud fetch status=partial_allocated failed: WECHAT_CLOUD_API_BASE is not configured
cloud fetch status=contracted failed: WECHAT_CLOUD_API_BASE is not configured
cloud fetch status=allocated failed: WECHAT_CLOUD_API_BASE is not configured
cloud fetch status=rejected failed: WECHAT_CLOUD_API_BASE is not configured
cloud fetch status=completed failed: WECHAT_CLOUD_API_BASE is not configured
cloud fetch status=cancelled failed: WECHAT_CLOUD_API_BASE is not configured
cloud fetch status=pending failed: WECHAT_CLOUD_API_BASE is not configured
cloud fetch status=approved failed: WECHAT_CLOUD_API_BASE is not configured
cloud fetch status=contracted failed: WECHAT_CLOUD_API_BASE is not configured
cloud fetch status=partial_allocated failed: WECHAT_CLOUD_API_BASE is not configured
cloud fetch status=allocated failed: WECHAT_CLOUD_API_BASE is not configured
cloud fetch status=completed failed: WECHAT_CLOUD_API_BASE is not configured
cloud fetch status=cancelled failed: WECHAT_CLOUD_API_BASE is not configured
cloud fetch status=rejected failed: WECHAT_CLOUD_API_BASE is not configured
cloud fetch status=pending failed: WECHAT_CLOUD_API_BASE is not configured
cloud fetch status=approved failed: WECHAT_CLOUD_API_BASE is not configured
cloud fetch status=contracted failed: WECHAT_CLOUD_API_BASE is not configured
cloud fetch status=partial_allocated failed: WECHAT_CLOUD_API_BASE is not configured
cloud fetch status=allocated failed: WECHAT_CLOUD_API_BASE is not configured
cloud fetch status=completed failed: WECHAT_CLOUD_API_BASE is not configured
cloud fetch status=cancelled failed: WECHAT_CLOUD_API_BASE is not configured
cloud fetch status=rejected failed: WECHAT_CLOUD_API_BASE is not configured
cloud sync event failed: v8-outbox-wechat_batch_summary_sync-ef49a6d5a6ad4064a7d6c73f3a09ef19 WECHAT_CLOUD_API_BASE is not configured
cloud sync event failed: v8-outbox-wechat_batch_summary_sync-07a3677848c148e8b57a8c98f5df20e4 WECHAT_CLOUD_API_BASE is not configured
cloud sync event failed: v8-outbox-wechat_batch_summary_sync-0f2c9d3625634f218c0fa0b18cd9ee66 WECHAT_CLOUD_API_BASE is not configured
cloud fetch status=pending failed: WECHAT_CLOUD_API_BASE is not configured
cloud fetch status=partial_allocated failed: WECHAT_CLOUD_API_BASE is not configured
cloud fetch status=approved failed: WECHAT_CLOUD_API_BASE is not configured
cloud fetch status=contracted failed: WECHAT_CLOUD_API_BASE is not configured
cloud fetch status=allocated failed: WECHAT_CLOUD_API_BASE is not configured
cloud fetch status=completed failed: WECHAT_CLOUD_API_BASE is not configured
cloud fetch status=rejected failed: WECHAT_CLOUD_API_BASE is not configured
cloud fetch status=cancelled failed: WECHAT_CLOUD_API_BASE is not configured
cloud fetch status=pending failed: WECHAT_CLOUD_API_BASE is not configured
cloud fetch status=approved failed: WECHAT_CLOUD_API_BASE is not configured
cloud fetch status=partial_allocated failed: WECHAT_CLOUD_API_BASE is not configured
cloud fetch status=contracted failed: WECHAT_CLOUD_API_BASE is not configured
cloud fetch status=allocated failed: WECHAT_CLOUD_API_BASE is not configured
cloud fetch status=completed failed: WECHAT_CLOUD_API_BASE is not configured
cloud fetch status=rejected failed: WECHAT_CLOUD_API_BASE is not configured
cloud fetch status=cancelled failed: WECHAT_CLOUD_API_BASE is not configured
cloud fetch status=approved failed: WECHAT_CLOUD_API_BASE is not configured
cloud fetch status=pending failed: WECHAT_CLOUD_API_BASE is not configured
cloud fetch status=partial_allocated failed: WECHAT_CLOUD_API_BASE is not configured
cloud fetch status=contracted failed: WECHAT_CLOUD_API_BASE is not configured
cloud fetch status=allocated failed: WECHAT_CLOUD_API_BASE is not configured
cloud fetch status=rejected failed: WECHAT_CLOUD_API_BASE is not configured
cloud fetch status=completed failed: WECHAT_CLOUD_API_BASE is not configured
cloud fetch status=cancelled failed: WECHAT_CLOUD_API_BASE is not configured
cloud sync event failed: v8-outbox-wechat_batch_summary_sync-c56fd797818449ee963c13ef63dd9e44 WECHAT_CLOUD_API_BASE is not configured
cloud sync event failed: v8-outbox-wechat_batch_summary_sync-9ef948fa045f40acbf0e4912b6b23aff WECHAT_CLOUD_API_BASE is not configured
cloud sync event failed: v8-outbox-wechat_batch_summary_sync-6c496a95305249179993bb63dbfdd031 WECHAT_CLOUD_API_BASE is not configured
cloud sync event failed: v8-outbox-wechat_batch_summary_sync-3d62021a6b4e4c428b2bcfb4a83f2dbd WECHAT_CLOUD_API_BASE is not configured
cloud sync event failed: v8-outbox-wechat_batch_summary_sync-e75ae53d1a4b46f781eae8f34fc19950 WECHAT_CLOUD_API_BASE is not configured
cloud sync event failed: v8-outbox-wechat_batch_summary_sync-42c877078ffa44c688d2db8d0d3b9a99 WECHAT_CLOUD_API_BASE is not configured
cloud sync event failed: v8-outbox-wechat_batch_summary_sync-60fb241901b14a17be225de8182b88bf WECHAT_CLOUD_API_BASE is not configured
cloud sync event failed: v8-outbox-wechat_batch_summary_sync-154b774b13e54551b41a573d60c04812 WECHAT_CLOUD_API_BASE is not configured
cloud sync event failed: v8-outbox-wechat_batch_summary_sync-5a42293a26094d7397718b2e72e7b3c9 WECHAT_CLOUD_API_BASE is not configured
cloud sync event failed: v8-outbox-wechat_batch_summary_sync-54f7f6be01d5497a8156afb0a56d7dee WECHAT_CLOUD_API_BASE is not configured
cloud sync event failed: v8-outbox-wechat_batch_summary_sync-336f6de3d0ef4c5b8db4910999445ffa WECHAT_CLOUD_API_BASE is not configured
cloud sync event failed: v8-outbox-wechat_batch_summary_sync-2ca79fcfa37849ddaeafd235ab7d34c8 WECHAT_CLOUD_API_BASE is not configured
cloud sync event failed: v8-outbox-wechat_batch_summary_sync-8bd7cdd42f534cb0b85d151f04775148 WECHAT_CLOUD_API_BASE is not configured
cloud sync event failed: v8-outbox-wechat_batch_summary_sync-3a763602b8b0483590ac9c323b823e35 WECHAT_CLOUD_API_BASE is not configured
cloud sync event failed: v8-outbox-wechat_batch_summary_sync-07cf1aff761a45d5a16627c2d09b04c3 WECHAT_CLOUD_API_BASE is not configured
cloud sync event failed: v8-outbox-wechat_batch_summary_sync-edd9264512954288a9f44573c76d2ea3 WECHAT_CLOUD_API_BASE is not configured
cloud sync event failed: v8-outbox-wechat_batch_summary_sync-c8dce93a664f4e0e9604c483a631d2de WECHAT_CLOUD_API_BASE is not configured
cloud sync event failed: v8-outbox-wechat_batch_summary_sync-0337518b49ff4cc6bde1f3c76c746bd2 WECHAT_CLOUD_API_BASE is not configured
cloud fetch status=pending failed: WECHAT_CLOUD_API_BASE is not configured
cloud fetch status=approved failed: WECHAT_CLOUD_API_BASE is not configured
cloud fetch status=contracted failed: WECHAT_CLOUD_API_BASE is not configured
cloud fetch status=partial_allocated failed: WECHAT_CLOUD_API_BASE is not configured
cloud fetch status=allocated failed: WECHAT_CLOUD_API_BASE is not configured
cloud fetch status=completed failed: WECHAT_CLOUD_API_BASE is not configured
cloud fetch status=rejected failed: WECHAT_CLOUD_API_BASE is not configured
cloud fetch status=cancelled failed: WECHAT_CLOUD_API_BASE is not configured
cloud fetch status=pending failed: WECHAT_CLOUD_API_BASE is not configured
cloud fetch status=approved failed: WECHAT_CLOUD_API_BASE is not configured
cloud fetch status=contracted failed: WECHAT_CLOUD_API_BASE is not configured
cloud fetch status=partial_allocated failed: WECHAT_CLOUD_API_BASE is not configured
cloud fetch status=allocated failed: WECHAT_CLOUD_API_BASE is not configured
cloud fetch status=completed failed: WECHAT_CLOUD_API_BASE is not configured
cloud fetch status=cancelled failed: WECHAT_CLOUD_API_BASE is not configured
cloud fetch status=rejected failed: WECHAT_CLOUD_API_BASE is not configured
INFO:     ('127.0.0.1', 49200) - "WebSocket /api/v1/sandbox/ws?token=eyJhbGciOiJIUzI1NiIsInR5cCI6IkpXVCJ9.eyJleHAiOjE3OTE2MjI3MDUsInN1YiI6ImFkbWluIiwibmFtZSI6Ilx1N2NmYlx1N2VkZlx1N2JhMVx1NzQwNlx1NTQ1OCIsInJvbGUiOiJBZG1pbiJ9.196_dtfVcBu8nOny9yw_yTIXWF_t6B_FdkGKdZESnFo" [accepted]
INFO:     connection open
cloud fetch status=pending failed: WECHAT_CLOUD_API_BASE is not configured
cloud fetch status=approved failed: WECHAT_CLOUD_API_BASE is not configured
cloud fetch status=contracted failed: WECHAT_CLOUD_API_BASE is not configured
cloud fetch status=partial_allocated failed: WECHAT_CLOUD_API_BASE is not configured
cloud fetch status=allocated failed: WECHAT_CLOUD_API_BASE is not configured
cloud fetch status=completed failed: WECHAT_CLOUD_API_BASE is not configured
cloud fetch status=rejected failed: WECHAT_CLOUD_API_BASE is not configured
cloud fetch status=cancelled failed: WECHAT_CLOUD_API_BASE is not configured
cloud fetch status=pending failed: WECHAT_CLOUD_API_BASE is not configured
cloud fetch status=approved failed: WECHAT_CLOUD_API_BASE is not configured
cloud fetch status=partial_allocated failed: WECHAT_CLOUD_API_BASE is not configured
cloud fetch status=contracted failed: WECHAT_CLOUD_API_BASE is not configured
cloud fetch status=allocated failed: WECHAT_CLOUD_API_BASE is not configured
cloud fetch status=rejected failed: WECHAT_CLOUD_API_BASE is not configured
cloud fetch status=completed failed: WECHAT_CLOUD_API_BASE is not configured
cloud fetch status=cancelled failed: WECHAT_CLOUD_API_BASE is not configured
INFO:     connection closed
INFO:     ('127.0.0.1', 59077) - "WebSocket /api/v1/sandbox/ws?token=eyJhbGciOiJIUzI1NiIsInR5cCI6IkpXVCJ9.eyJleHAiOjE3OTE2MjI3MDUsInN1YiI6ImFkbWluIiwibmFtZSI6Ilx1N2NmYlx1N2VkZlx1N2JhMVx1NzQwNlx1NTQ1OCIsInJvbGUiOiJBZG1pbiJ9.196_dtfVcBu8nOny9yw_yTIXWF_t6B_FdkGKdZESnFo" [accepted]
INFO:     connection open
cloud sync event failed: v8-outbox-wechat_batch_summary_sync-b56325ec8ffd4712bc2c664e42000dfb WECHAT_CLOUD_API_BASE is not configured
cloud fetch status=pending failed: WECHAT_CLOUD_API_BASE is not configured
cloud fetch status=contracted failed: WECHAT_CLOUD_API_BASE is not configured
cloud fetch status=approved failed: WECHAT_CLOUD_API_BASE is not configured
cloud fetch status=partial_allocated failed: WECHAT_CLOUD_API_BASE is not configured
cloud fetch status=allocated failed: WECHAT_CLOUD_API_BASE is not configured
cloud fetch status=completed failed: WECHAT_CLOUD_API_BASE is not configured
cloud fetch status=rejected failed: WECHAT_CLOUD_API_BASE is not configured
cloud fetch status=cancelled failed: WECHAT_CLOUD_API_BASE is not configured
cloud sync event failed: v8-outbox-wechat_batch_summary_sync-41622cba91f1401cbbcfaae02123c989 WECHAT_CLOUD_API_BASE is not configured
INFO:     connection closed
cloud sync event failed: v8-outbox-wechat_batch_summary_sync-b56325ec8ffd4712bc2c664e42000dfb WECHAT_CLOUD_API_BASE is not configured
cloud sync event failed: v8-outbox-wechat_batch_summary_sync-41622cba91f1401cbbcfaae02123c989 WECHAT_CLOUD_API_BASE is not configured
cloud fetch status=pending failed: WECHAT_CLOUD_API_BASE is not configured
cloud fetch status=approved failed: WECHAT_CLOUD_API_BASE is not configured
cloud fetch status=partial_allocated failed: WECHAT_CLOUD_API_BASE is not configured
cloud fetch status=contracted failed: WECHAT_CLOUD_API_BASE is not configured
cloud fetch status=allocated failed: WECHAT_CLOUD_API_BASE is not configured
cloud fetch status=rejected failed: WECHAT_CLOUD_API_BASE is not configured
cloud fetch status=completed failed: WECHAT_CLOUD_API_BASE is not configured
cloud fetch status=cancelled failed: WECHAT_CLOUD_API_BASE is not configured
INFO:     connection closed
INFO:     ('127.0.0.1', 60149) - "WebSocket /api/v1/ws?token=eyJhbGciOiJIUzI1NiIsInR5cCI6IkpXVCJ9.eyJleHAiOjE3OTE2MjI3MDUsInN1YiI6ImFkbWluIiwibmFtZSI6Ilx1N2NmYlx1N2VkZlx1N2JhMVx1NzQwNlx1NTQ1OCIsInJvbGUiOiJBZG1pbiJ9.196_dtfVcBu8nOny9yw_yTIXWF_t6B_FdkGKdZESnFo" [accepted]
INFO:     connection open
cloud fetch status=pending failed: WECHAT_CLOUD_API_BASE is not configured
cloud fetch status=approved failed: WECHAT_CLOUD_API_BASE is not configured
cloud fetch status=contracted failed: WECHAT_CLOUD_API_BASE is not configured
cloud fetch status=partial_allocated failed: WECHAT_CLOUD_API_BASE is not configured
cloud fetch status=allocated failed: WECHAT_CLOUD_API_BASE is not configured
cloud fetch status=completed failed: WECHAT_CLOUD_API_BASE is not configured
cloud fetch status=rejected failed: WECHAT_CLOUD_API_BASE is not configured
cloud fetch status=cancelled failed: WECHAT_CLOUD_API_BASE is not configured
cloud sync event failed: v8-outbox-wechat_batch_summary_sync-ef49a6d5a6ad4064a7d6c73f3a09ef19 WECHAT_CLOUD_API_BASE is not configured
cloud sync event failed: v8-outbox-wechat_batch_summary_sync-07a3677848c148e8b57a8c98f5df20e4 WECHAT_CLOUD_API_BASE is not configured
cloud sync event failed: v8-outbox-wechat_batch_summary_sync-460871d43ed54875a44718a29e7a2b80 WECHAT_CLOUD_API_BASE is not configured
cloud sync event failed: v8-outbox-wechat_batch_summary_sync-3f9b202626784ac2a2b19fc76b2b3078 WECHAT_CLOUD_API_BASE is not configured
cloud sync event failed: v8-outbox-wechat_batch_summary_sync-0f2c9d3625634f218c0fa0b18cd9ee66 WECHAT_CLOUD_API_BASE is not configured
D:\CURSORpj\V8BetaV1.1\.venv\Lib\site-packages\fastapi\openapi\utils.py:246: UserWarning: Duplicate Operation ID proxy_batches_api_v1_sandbox_batches_path__patch for function proxy_batches at D:\CURSORpj\V8BetaV1.1\api\routes\sandbox.py
  warnings.warn(message, stacklevel=1)
D:\CURSORpj\V8BetaV1.1\.venv\Lib\site-packages\fastapi\openapi\utils.py:246: UserWarning: Duplicate Operation ID proxy_model_dictionary_photo_config_api_v1_sandbox_model_dictionary__path__get for function proxy_model_dictionary_photo_config at D:\CURSORpj\V8BetaV1.1\api\routes\sandbox.py
  warnings.warn(message, stacklevel=1)
D:\CURSORpj\V8BetaV1.1\.venv\Lib\site-packages\fastapi\openapi\utils.py:246: UserWarning: Duplicate Operation ID proxy_units_api_v1_sandbox_units__unit_id__patch for function proxy_units at D:\CURSORpj\V8BetaV1.1\api\routes\sandbox.py
  warnings.warn(message, stacklevel=1)
D:\CURSORpj\V8BetaV1.1\.venv\Lib\site-packages\fastapi\openapi\utils.py:246: UserWarning: Duplicate Operation ID proxy_forecast_api_v1_sandbox_forecast_path__get for function proxy_forecast at D:\CURSORpj\V8BetaV1.1\api\routes\sandbox.py
  warnings.warn(message, stacklevel=1)
D:\CURSORpj\V8BetaV1.1\.venv\Lib\site-packages\fastapi\openapi\utils.py:246: UserWarning: Duplicate Operation ID proxy_capacity_ratio_api_v1_sandbox_capacity_ratio_patch for function proxy_capacity_ratio at D:\CURSORpj\V8BetaV1.1\api\routes\sandbox.py
  warnings.warn(message, stacklevel=1)
D:\CURSORpj\V8BetaV1.1\.venv\Lib\site-packages\fastapi\openapi\utils.py:246: UserWarning: Duplicate Operation ID proxy_production_lines_api_v1_sandbox_production_lines_path__get for function proxy_production_lines at D:\CURSORpj\V8BetaV1.1\api\routes\sandbox.py
  warnings.warn(message, stacklevel=1)
cloud sync event failed: v8-outbox-wechat_batch_summary_sync-b56325ec8ffd4712bc2c664e42000dfb WECHAT_CLOUD_API_BASE is not configured
cloud sync event failed: v8-outbox-wechat_batch_summary_sync-41622cba91f1401cbbcfaae02123c989 WECHAT_CLOUD_API_BASE is not configured
cloud sync event failed: v8-outbox-wechat_batch_summary_sync-460871d43ed54875a44718a29e7a2b80 WECHAT_CLOUD_API_BASE is not configured
cloud sync event failed: v8-outbox-wechat_batch_summary_sync-3f9b202626784ac2a2b19fc76b2b3078 WECHAT_CLOUD_API_BASE is not configured
cloud fetch status=approved failed: WECHAT_CLOUD_API_BASE is not configured
cloud fetch status=pending failed: WECHAT_CLOUD_API_BASE is not configured
cloud fetch status=contracted failed: WECHAT_CLOUD_API_BASE is not configured
cloud fetch status=partial_allocated failed: WECHAT_CLOUD_API_BASE is not configured
cloud fetch status=allocated failed: WECHAT_CLOUD_API_BASE is not configured
cloud fetch status=completed failed: WECHAT_CLOUD_API_BASE is not configured
cloud fetch status=rejected failed: WECHAT_CLOUD_API_BASE is not configured
cloud fetch status=cancelled failed: WECHAT_CLOUD_API_BASE is not configured
cloud fetch status=approved failed: WECHAT_CLOUD_API_BASE is not configured
cloud fetch status=partial_allocated failed: WECHAT_CLOUD_API_BASE is not configured
cloud fetch status=pending failed: WECHAT_CLOUD_API_BASE is not configured
cloud fetch status=contracted failed: WECHAT_CLOUD_API_BASE is not configured
cloud fetch status=allocated failed: WECHAT_CLOUD_API_BASE is not configured
cloud fetch status=rejected failed: WECHAT_CLOUD_API_BASE is not configured
cloud fetch status=completed failed: WECHAT_CLOUD_API_BASE is not configured
cloud fetch status=cancelled failed: WECHAT_CLOUD_API_BASE is not configured
cloud sync event failed: v8-outbox-wechat_batch_summary_sync-460871d43ed54875a44718a29e7a2b80 WECHAT_CLOUD_API_BASE is not configured
cloud sync event failed: v8-outbox-wechat_batch_summary_sync-3f9b202626784ac2a2b19fc76b2b3078 WECHAT_CLOUD_API_BASE is not configured
cloud fetch status=pending failed: WECHAT_CLOUD_API_BASE is not configured
cloud fetch status=contracted failed: WECHAT_CLOUD_API_BASE is not configured
cloud fetch status=partial_allocated failed: WECHAT_CLOUD_API_BASE is not configured
cloud fetch status=approved failed: WECHAT_CLOUD_API_BASE is not configured
cloud fetch status=allocated failed: WECHAT_CLOUD_API_BASE is not configured
cloud fetch status=completed failed: WECHAT_CLOUD_API_BASE is not configured
cloud fetch status=rejected failed: WECHAT_CLOUD_API_BASE is not configured
cloud fetch status=cancelled failed: WECHAT_CLOUD_API_BASE is not configured
INFO:     ('127.0.0.1', 61749) - "WebSocket /api/v1/sandbox/ws?token=eyJhbGciOiJIUzI1NiIsInR5cCI6IkpXVCJ9.eyJleHAiOjE3OTE2MjI3MDUsInN1YiI6ImFkbWluIiwibmFtZSI6Ilx1N2NmYlx1N2VkZlx1N2JhMVx1NzQwNlx1NTQ1OCIsInJvbGUiOiJBZG1pbiJ9.196_dtfVcBu8nOny9yw_yTIXWF_t6B_FdkGKdZESnFo" [accepted]
INFO:     connection open
INFO:     connection closed
cloud sync event failed: v8-outbox-wechat_batch_summary_sync-c56fd797818449ee963c13ef63dd9e44 WECHAT_CLOUD_API_BASE is not configured
cloud sync event failed: v8-outbox-wechat_batch_summary_sync-9ef948fa045f40acbf0e4912b6b23aff WECHAT_CLOUD_API_BASE is not configured
cloud sync event failed: v8-outbox-wechat_batch_summary_sync-6c496a95305249179993bb63dbfdd031 WECHAT_CLOUD_API_BASE is not configured
cloud sync event failed: v8-outbox-wechat_batch_summary_sync-3d62021a6b4e4c428b2bcfb4a83f2dbd WECHAT_CLOUD_API_BASE is not configured
cloud sync event failed: v8-outbox-wechat_batch_summary_sync-e75ae53d1a4b46f781eae8f34fc19950 WECHAT_CLOUD_API_BASE is not configured
cloud sync event failed: v8-outbox-wechat_batch_summary_sync-42c877078ffa44c688d2db8d0d3b9a99 WECHAT_CLOUD_API_BASE is not configured
cloud sync event failed: v8-outbox-wechat_batch_summary_sync-60fb241901b14a17be225de8182b88bf WECHAT_CLOUD_API_BASE is not configured
cloud sync event failed: v8-outbox-wechat_batch_summary_sync-154b774b13e54551b41a573d60c04812 WECHAT_CLOUD_API_BASE is not configured
cloud sync event failed: v8-outbox-wechat_batch_summary_sync-5a42293a26094d7397718b2e72e7b3c9 WECHAT_CLOUD_API_BASE is not configured
cloud sync event failed: v8-outbox-wechat_batch_summary_sync-54f7f6be01d5497a8156afb0a56d7dee WECHAT_CLOUD_API_BASE is not configured
cloud sync event failed: v8-outbox-wechat_batch_summary_sync-336f6de3d0ef4c5b8db4910999445ffa WECHAT_CLOUD_API_BASE is not configured
cloud sync event failed: v8-outbox-wechat_batch_summary_sync-2ca79fcfa37849ddaeafd235ab7d34c8 WECHAT_CLOUD_API_BASE is not configured
cloud sync event failed: v8-outbox-wechat_batch_summary_sync-8bd7cdd42f534cb0b85d151f04775148 WECHAT_CLOUD_API_BASE is not configured
cloud sync event failed: v8-outbox-wechat_batch_summary_sync-3a763602b8b0483590ac9c323b823e35 WECHAT_CLOUD_API_BASE is not configured
cloud sync event failed: v8-outbox-wechat_batch_summary_sync-07cf1aff761a45d5a16627c2d09b04c3 WECHAT_CLOUD_API_BASE is not configured
cloud sync event failed: v8-outbox-wechat_batch_summary_sync-edd9264512954288a9f44573c76d2ea3 WECHAT_CLOUD_API_BASE is not configured
cloud sync event failed: v8-outbox-wechat_batch_summary_sync-c8dce93a664f4e0e9604c483a631d2de WECHAT_CLOUD_API_BASE is not configured
cloud sync event failed: v8-outbox-wechat_batch_summary_sync-0337518b49ff4cc6bde1f3c76c746bd2 WECHAT_CLOUD_API_BASE is not configured
cloud fetch status=pending failed: WECHAT_CLOUD_API_BASE is not configured
cloud fetch status=approved failed: WECHAT_CLOUD_API_BASE is not configured
cloud fetch status=contracted failed: WECHAT_CLOUD_API_BASE is not configured
cloud fetch status=partial_allocated failed: WECHAT_CLOUD_API_BASE is not configured
cloud fetch status=completed failed: WECHAT_CLOUD_API_BASE is not configured
cloud fetch status=allocated failed: WECHAT_CLOUD_API_BASE is not configured
cloud fetch status=rejected failed: WECHAT_CLOUD_API_BASE is not configured
cloud fetch status=cancelled failed: WECHAT_CLOUD_API_BASE is not configured
INFO:     ('127.0.0.1', 63896) - "WebSocket /api/v1/sandbox/ws?token=eyJhbGciOiJIUzI1NiIsInR5cCI6IkpXVCJ9.eyJleHAiOjE3OTE2MjI3MDUsInN1YiI6ImFkbWluIiwibmFtZSI6Ilx1N2NmYlx1N2VkZlx1N2JhMVx1NzQwNlx1NTQ1OCIsInJvbGUiOiJBZG1pbiJ9.196_dtfVcBu8nOny9yw_yTIXWF_t6B_FdkGKdZESnFo" [accepted]
INFO:     connection open
INFO:     connection closed
INFO:     ('127.0.0.1', 49822) - "WebSocket /api/v1/sandbox/ws?token=eyJhbGciOiJIUzI1NiIsInR5cCI6IkpXVCJ9.eyJleHAiOjE3OTE2MjI3MDUsInN1YiI6ImFkbWluIiwibmFtZSI6Ilx1N2NmYlx1N2VkZlx1N2JhMVx1NzQwNlx1NTQ1OCIsInJvbGUiOiJBZG1pbiJ9.196_dtfVcBu8nOny9yw_yTIXWF_t6B_FdkGKdZESnFo" [accepted]
INFO:     connection open
INFO:     connection closed
cloud sync event failed: v8-outbox-wechat_batch_summary_sync-0e95c3aab78a46d79eae1b51b9794a63 WECHAT_CLOUD_API_BASE is not configured
cloud sync event failed: v8-outbox-wechat_batch_summary_sync-a45bf58bb47c4d2eafac7010a689b8e7 WECHAT_CLOUD_API_BASE is not configured
cloud fetch status=approved failed: WECHAT_CLOUD_API_BASE is not configured
cloud fetch status=pending failed: WECHAT_CLOUD_API_BASE is not configured
cloud fetch status=contracted failed: WECHAT_CLOUD_API_BASE is not configured
cloud fetch status=partial_allocated failed: WECHAT_CLOUD_API_BASE is not configured
cloud fetch status=allocated failed: WECHAT_CLOUD_API_BASE is not configured
cloud fetch status=completed failed: WECHAT_CLOUD_API_BASE is not configured
cloud fetch status=rejected failed: WECHAT_CLOUD_API_BASE is not configured
cloud fetch status=cancelled failed: WECHAT_CLOUD_API_BASE is not configured
cloud sync event failed: v8-outbox-wechat_batch_summary_sync-1ac8485c5f1f4c1f994a47023b349cc5 WECHAT_CLOUD_API_BASE is not configured
cloud sync event failed: v8-outbox-wechat_batch_summary_sync-a1c70e7f76f645438852ca4ca4af5ffb WECHAT_CLOUD_API_BASE is not configured
cloud sync event failed: v8-outbox-wechat_batch_summary_sync-c3c75c937c0d467eb9b9d5e415dcfaaf WECHAT_CLOUD_API_BASE is not configured
INFO:     ('127.0.0.1', 58011) - "WebSocket /api/v1/sandbox/ws?token=eyJhbGciOiJIUzI1NiIsInR5cCI6IkpXVCJ9.eyJleHAiOjE3OTE2MjI3MDUsInN1YiI6ImFkbWluIiwibmFtZSI6Ilx1N2NmYlx1N2VkZlx1N2JhMVx1NzQwNlx1NTQ1OCIsInJvbGUiOiJBZG1pbiJ9.196_dtfVcBu8nOny9yw_yTIXWF_t6B_FdkGKdZESnFo" [accepted]
INFO:     connection open
cloud sync event failed: v8-outbox-wechat_batch_summary_sync-b56325ec8ffd4712bc2c664e42000dfb WECHAT_CLOUD_API_BASE is not configured
cloud sync event failed: v8-outbox-wechat_batch_summary_sync-0e95c3aab78a46d79eae1b51b9794a63 WECHAT_CLOUD_API_BASE is not configured
cloud sync event failed: v8-outbox-wechat_batch_summary_sync-a45bf58bb47c4d2eafac7010a689b8e7 WECHAT_CLOUD_API_BASE is not configured
cloud sync event failed: v8-outbox-wechat_batch_summary_sync-41622cba91f1401cbbcfaae02123c989 WECHAT_CLOUD_API_BASE is not configured
cloud sync event failed: v8-outbox-wechat_batch_summary_sync-1ac8485c5f1f4c1f994a47023b349cc5 WECHAT_CLOUD_API_BASE is not configured
cloud sync event failed: v8-outbox-wechat_batch_summary_sync-a1c70e7f76f645438852ca4ca4af5ffb WECHAT_CLOUD_API_BASE is not configured
cloud sync event failed: v8-outbox-wechat_batch_summary_sync-c3c75c937c0d467eb9b9d5e415dcfaaf WECHAT_CLOUD_API_BASE is not configured
INFO:     connection closed
INFO:     ('127.0.0.1', 64574) - "WebSocket /api/v1/sandbox/ws?token=eyJhbGciOiJIUzI1NiIsInR5cCI6IkpXVCJ9.eyJleHAiOjE3OTE2MjI3MDUsInN1YiI6ImFkbWluIiwibmFtZSI6Ilx1N2NmYlx1N2VkZlx1N2JhMVx1NzQwNlx1NTQ1OCIsInJvbGUiOiJBZG1pbiJ9.196_dtfVcBu8nOny9yw_yTIXWF_t6B_FdkGKdZESnFo" [accepted]
INFO:     connection open
cloud fetch status=pending failed: WECHAT_CLOUD_API_BASE is not configured
cloud fetch status=contracted failed: WECHAT_CLOUD_API_BASE is not configured
cloud fetch status=approved failed: WECHAT_CLOUD_API_BASE is not configured
cloud fetch status=partial_allocated failed: WECHAT_CLOUD_API_BASE is not configured
cloud fetch status=allocated failed: WECHAT_CLOUD_API_BASE is not configured
cloud fetch status=completed failed: WECHAT_CLOUD_API_BASE is not configured
cloud fetch status=rejected failed: WECHAT_CLOUD_API_BASE is not configured
cloud fetch status=cancelled failed: WECHAT_CLOUD_API_BASE is not configured
INFO:     connection closed
INFO:     ('127.0.0.1', 58594) - "WebSocket /api/v1/sandbox/ws?token=eyJhbGciOiJIUzI1NiIsInR5cCI6IkpXVCJ9.eyJleHAiOjE3OTE2MjI3MDUsInN1YiI6ImFkbWluIiwibmFtZSI6Ilx1N2NmYlx1N2VkZlx1N2JhMVx1NzQwNlx1NTQ1OCIsInJvbGUiOiJBZG1pbiJ9.196_dtfVcBu8nOny9yw_yTIXWF_t6B_FdkGKdZESnFo" [accepted]
INFO:     connection open
INFO:     connection closed
INFO:     ('127.0.0.1', 55670) - "WebSocket /api/v1/sandbox/ws?token=eyJhbGciOiJIUzI1NiIsInR5cCI6IkpXVCJ9.eyJleHAiOjE3OTE2MjI3MDUsInN1YiI6ImFkbWluIiwibmFtZSI6Ilx1N2NmYlx1N2VkZlx1N2JhMVx1NzQwNlx1NTQ1OCIsInJvbGUiOiJBZG1pbiJ9.196_dtfVcBu8nOny9yw_yTIXWF_t6B_FdkGKdZESnFo" [accepted]
INFO:     connection open
INFO:     connection closed
INFO:     ('127.0.0.1', 52122) - "WebSocket /api/v1/sandbox/ws?token=eyJhbGciOiJIUzI1NiIsInR5cCI6IkpXVCJ9.eyJleHAiOjE3OTE2MjI3MDUsInN1YiI6ImFkbWluIiwibmFtZSI6Ilx1N2NmYlx1N2VkZlx1N2JhMVx1NzQwNlx1NTQ1OCIsInJvbGUiOiJBZG1pbiJ9.196_dtfVcBu8nOny9yw_yTIXWF_t6B_FdkGKdZESnFo" [accepted]
INFO:     connection open
INFO:     connection closed
INFO:     ('127.0.0.1', 53486) - "WebSocket /api/v1/sandbox/ws?token=eyJhbGciOiJIUzI1NiIsInR5cCI6IkpXVCJ9.eyJleHAiOjE3OTE2MjI3MDUsInN1YiI6ImFkbWluIiwibmFtZSI6Ilx1N2NmYlx1N2VkZlx1N2JhMVx1NzQwNlx1NTQ1OCIsInJvbGUiOiJBZG1pbiJ9.196_dtfVcBu8nOny9yw_yTIXWF_t6B_FdkGKdZESnFo" [accepted]
INFO:     connection open
INFO:     connection closed
INFO:     ('127.0.0.1', 61628) - "WebSocket /api/v1/sandbox/ws?token=eyJhbGciOiJIUzI1NiIsInR5cCI6IkpXVCJ9.eyJleHAiOjE3OTE2MjI3MDUsInN1YiI6ImFkbWluIiwibmFtZSI6Ilx1N2NmYlx1N2VkZlx1N2JhMVx1NzQwNlx1NTQ1OCIsInJvbGUiOiJBZG1pbiJ9.196_dtfVcBu8nOny9yw_yTIXWF_t6B_FdkGKdZESnFo" [accepted]
INFO:     connection open
INFO:     connection closed
INFO:     ('127.0.0.1', 51184) - "WebSocket /api/v1/sandbox/ws?token=eyJhbGciOiJIUzI1NiIsInR5cCI6IkpXVCJ9.eyJleHAiOjE3OTE2MjI3MDUsInN1YiI6ImFkbWluIiwibmFtZSI6Ilx1N2NmYlx1N2VkZlx1N2JhMVx1NzQwNlx1NTQ1OCIsInJvbGUiOiJBZG1pbiJ9.196_dtfVcBu8nOny9yw_yTIXWF_t6B_FdkGKdZESnFo" [accepted]
INFO:     connection open
INFO:     connection closed
INFO:     ('127.0.0.1', 51120) - "WebSocket /api/v1/sandbox/ws?token=eyJhbGciOiJIUzI1NiIsInR5cCI6IkpXVCJ9.eyJleHAiOjE3OTE2MjI3MDUsInN1YiI6ImFkbWluIiwibmFtZSI6Ilx1N2NmYlx1N2VkZlx1N2JhMVx1NzQwNlx1NTQ1OCIsInJvbGUiOiJBZG1pbiJ9.196_dtfVcBu8nOny9yw_yTIXWF_t6B_FdkGKdZESnFo" [accepted]
INFO:     connection open
cloud fetch status=pending failed: WECHAT_CLOUD_API_BASE is not configured
cloud fetch status=approved failed: WECHAT_CLOUD_API_BASE is not configured
cloud fetch status=contracted failed: WECHAT_CLOUD_API_BASE is not configured
cloud fetch status=partial_allocated failed: WECHAT_CLOUD_API_BASE is not configured
cloud fetch status=allocated failed: WECHAT_CLOUD_API_BASE is not configured
cloud fetch status=rejected failed: WECHAT_CLOUD_API_BASE is not configured
cloud fetch status=completed failed: WECHAT_CLOUD_API_BASE is not configured
cloud fetch status=cancelled failed: WECHAT_CLOUD_API_BASE is not configured
INFO:     connection closed
INFO:     ('127.0.0.1', 58902) - "WebSocket /api/v1/sandbox/ws?token=eyJhbGciOiJIUzI1NiIsInR5cCI6IkpXVCJ9.eyJleHAiOjE3OTE2MjI3MDUsInN1YiI6ImFkbWluIiwibmFtZSI6Ilx1N2NmYlx1N2VkZlx1N2JhMVx1NzQwNlx1NTQ1OCIsInJvbGUiOiJBZG1pbiJ9.196_dtfVcBu8nOny9yw_yTIXWF_t6B_FdkGKdZESnFo" [accepted]
INFO:     connection open
cloud sync event failed: v8-outbox-wechat_batch_summary_sync-0e95c3aab78a46d79eae1b51b9794a63 WECHAT_CLOUD_API_BASE is not configured
cloud sync event failed: v8-outbox-wechat_batch_summary_sync-a45bf58bb47c4d2eafac7010a689b8e7 WECHAT_CLOUD_API_BASE is not configured
cloud sync event failed: v8-outbox-wechat_batch_summary_sync-460871d43ed54875a44718a29e7a2b80 WECHAT_CLOUD_API_BASE is not configured
cloud sync event failed: v8-outbox-wechat_batch_summary_sync-3f9b202626784ac2a2b19fc76b2b3078 WECHAT_CLOUD_API_BASE is not configured
cloud sync event failed: v8-outbox-wechat_batch_summary_sync-1ac8485c5f1f4c1f994a47023b349cc5 WECHAT_CLOUD_API_BASE is not configured
cloud sync event failed: v8-outbox-wechat_batch_summary_sync-a1c70e7f76f645438852ca4ca4af5ffb WECHAT_CLOUD_API_BASE is not configured
cloud sync event failed: v8-outbox-wechat_batch_summary_sync-c3c75c937c0d467eb9b9d5e415dcfaaf WECHAT_CLOUD_API_BASE is not configured
INFO:     connection closed
INFO:     ('127.0.0.1', 61016) - "WebSocket /api/v1/sandbox/ws?token=eyJhbGciOiJIUzI1NiIsInR5cCI6IkpXVCJ9.eyJleHAiOjE3OTE2MjI3MDUsInN1YiI6ImFkbWluIiwibmFtZSI6Ilx1N2NmYlx1N2VkZlx1N2JhMVx1NzQwNlx1NTQ1OCIsInJvbGUiOiJBZG1pbiJ9.196_dtfVcBu8nOny9yw_yTIXWF_t6B_FdkGKdZESnFo" [accepted]
INFO:     connection open
INFO:     connection closed
INFO:     ('127.0.0.1', 51247) - "WebSocket /api/v1/sandbox/ws?token=eyJhbGciOiJIUzI1NiIsInR5cCI6IkpXVCJ9.eyJleHAiOjE3OTE2MjI3MDUsInN1YiI6ImFkbWluIiwibmFtZSI6Ilx1N2NmYlx1N2VkZlx1N2JhMVx1NzQwNlx1NTQ1OCIsInJvbGUiOiJBZG1pbiJ9.196_dtfVcBu8nOny9yw_yTIXWF_t6B_FdkGKdZESnFo" [accepted]
INFO:     connection open
cloud fetch status=pending failed: WECHAT_CLOUD_API_BASE is not configured
cloud fetch status=approved failed: WECHAT_CLOUD_API_BASE is not configured
cloud fetch status=contracted failed: WECHAT_CLOUD_API_BASE is not configured
cloud fetch status=partial_allocated failed: WECHAT_CLOUD_API_BASE is not configured
cloud fetch status=allocated failed: WECHAT_CLOUD_API_BASE is not configured
cloud fetch status=completed failed: WECHAT_CLOUD_API_BASE is not configured
cloud fetch status=rejected failed: WECHAT_CLOUD_API_BASE is not configured
cloud fetch status=cancelled failed: WECHAT_CLOUD_API_BASE is not configured
cloud sync event failed: v8-outbox-wechat_batch_summary_sync-737b3bb515a1447989e231da3e0d04f9 WECHAT_CLOUD_API_BASE is not configured
cloud sync event failed: v8-outbox-wechat_batch_summary_sync-01066ed95dfb4a49a4b54e45138a335b WECHAT_CLOUD_API_BASE is not configured
INFO:     connection closed
Failed to reconcile production batches after inbound: 'ascii' codec can't encode characters in position 0-4: ordinal not in range(128)
cloud sync event failed: v8-outbox-wechat_batch_summary_sync-44787567810643098a0ddb41787fd5bb WECHAT_CLOUD_API_BASE is not configured
cloud sync event failed: v8-outbox-wechat_batch_summary_sync-7058a1937e60466789f03dd84691bf61 WECHAT_CLOUD_API_BASE is not configured
cloud sync event failed: v8-outbox-wechat_batch_summary_sync-737b3bb515a1447989e231da3e0d04f9 WECHAT_CLOUD_API_BASE is not configured
cloud sync event failed: v8-outbox-wechat_batch_summary_sync-01066ed95dfb4a49a4b54e45138a335b WECHAT_CLOUD_API_BASE is not configured
cloud fetch status=approved failed: WECHAT_CLOUD_API_BASE is not configured
cloud fetch status=contracted failed: WECHAT_CLOUD_API_BASE is not configured
cloud fetch status=pending failed: WECHAT_CLOUD_API_BASE is not configured
cloud fetch status=partial_allocated failed: WECHAT_CLOUD_API_BASE is not configured
cloud fetch status=allocated failed: WECHAT_CLOUD_API_BASE is not configured
cloud fetch status=completed failed: WECHAT_CLOUD_API_BASE is not configured
cloud fetch status=rejected failed: WECHAT_CLOUD_API_BASE is not configured
cloud fetch status=cancelled failed: WECHAT_CLOUD_API_BASE is not configured
cloud sync event failed: v8-outbox-wechat_batch_summary_sync-44787567810643098a0ddb41787fd5bb WECHAT_CLOUD_API_BASE is not configured
cloud sync event failed: v8-outbox-wechat_batch_summary_sync-7058a1937e60466789f03dd84691bf61 WECHAT_CLOUD_API_BASE is not configured
INFO:     connection closed
INFO:     ('127.0.0.1', 54491) - "WebSocket /api/v1/ws?token=eyJhbGciOiJIUzI1NiIsInR5cCI6IkpXVCJ9.eyJleHAiOjE3OTE2MjI3MDUsInN1YiI6ImFkbWluIiwibmFtZSI6Ilx1N2NmYlx1N2VkZlx1N2JhMVx1NzQwNlx1NTQ1OCIsInJvbGUiOiJBZG1pbiJ9.196_dtfVcBu8nOny9yw_yTIXWF_t6B_FdkGKdZESnFo" [accepted]
INFO:     connection open
cloud sync event failed: v8-outbox-wechat_batch_summary_sync-0b5513cf1a264c368b022c4085a8b072 WECHAT_CLOUD_API_BASE is not configured
cloud sync event failed: v8-outbox-wechat_batch_summary_sync-deac1fd26a584c309284ab6f1c2bbc01 WECHAT_CLOUD_API_BASE is not configured
cloud fetch status=pending failed: WECHAT_CLOUD_API_BASE is not configured
cloud fetch status=approved failed: WECHAT_CLOUD_API_BASE is not configured
cloud fetch status=contracted failed: WECHAT_CLOUD_API_BASE is not configured
cloud fetch status=partial_allocated failed: WECHAT_CLOUD_API_BASE is not configured
cloud fetch status=allocated failed: WECHAT_CLOUD_API_BASE is not configured
cloud fetch status=completed failed: WECHAT_CLOUD_API_BASE is not configured
cloud fetch status=rejected failed: WECHAT_CLOUD_API_BASE is not configured
cloud fetch status=cancelled failed: WECHAT_CLOUD_API_BASE is not configured
cloud sync event failed: v8-outbox-wechat_batch_summary_sync-0d72b0a0c0104578a8f0ca63a3b2c8c0 WECHAT_CLOUD_API_BASE is not configured
cloud sync event failed: v8-outbox-wechat_batch_summary_sync-6f936abd30764c84a4196c2fd130cc9a WECHAT_CLOUD_API_BASE is not configured
cloud sync event failed: v8-outbox-wechat_batch_summary_sync-ef49a6d5a6ad4064a7d6c73f3a09ef19 WECHAT_CLOUD_API_BASE is not configured
cloud sync event failed: v8-outbox-wechat_batch_summary_sync-07a3677848c148e8b57a8c98f5df20e4 WECHAT_CLOUD_API_BASE is not configured
cloud sync event failed: v8-outbox-wechat_batch_summary_sync-4efc4149e674440cb60ef831bbfebed4 WECHAT_CLOUD_API_BASE is not configured
cloud sync event failed: v8-outbox-wechat_batch_summary_sync-0f2c9d3625634f218c0fa0b18cd9ee66 WECHAT_CLOUD_API_BASE is not configured
cloud sync event failed: v8-outbox-wechat_batch_summary_sync-0b5513cf1a264c368b022c4085a8b072 WECHAT_CLOUD_API_BASE is not configured
cloud sync event failed: v8-outbox-wechat_batch_summary_sync-deac1fd26a584c309284ab6f1c2bbc01 WECHAT_CLOUD_API_BASE is not configured
cloud sync event failed: v8-outbox-wechat_batch_summary_sync-0d72b0a0c0104578a8f0ca63a3b2c8c0 WECHAT_CLOUD_API_BASE is not configured
cloud sync event failed: v8-outbox-wechat_batch_summary_sync-6f936abd30764c84a4196c2fd130cc9a WECHAT_CLOUD_API_BASE is not configured
cloud sync event failed: v8-outbox-wechat_batch_summary_sync-4efc4149e674440cb60ef831bbfebed4 WECHAT_CLOUD_API_BASE is not configured
cloud sync event failed: v8-outbox-wechat_batch_summary_sync-737b3bb515a1447989e231da3e0d04f9 WECHAT_CLOUD_API_BASE is not configured
cloud sync event failed: v8-outbox-wechat_batch_summary_sync-01066ed95dfb4a49a4b54e45138a335b WECHAT_CLOUD_API_BASE is not configured
cloud fetch status=approved failed: WECHAT_CLOUD_API_BASE is not configured
cloud fetch status=pending failed: WECHAT_CLOUD_API_BASE is not configured
cloud fetch status=contracted failed: WECHAT_CLOUD_API_BASE is not configured
cloud fetch status=partial_allocated failed: WECHAT_CLOUD_API_BASE is not configured
cloud fetch status=allocated failed: WECHAT_CLOUD_API_BASE is not configured
cloud fetch status=rejected failed: WECHAT_CLOUD_API_BASE is not configured
cloud fetch status=completed failed: WECHAT_CLOUD_API_BASE is not configured
cloud fetch status=cancelled failed: WECHAT_CLOUD_API_BASE is not configured
cloud sync event failed: v8-outbox-wechat_batch_summary_sync-44787567810643098a0ddb41787fd5bb WECHAT_CLOUD_API_BASE is not configured
cloud sync event failed: v8-outbox-wechat_batch_summary_sync-7058a1937e60466789f03dd84691bf61 WECHAT_CLOUD_API_BASE is not configured
cloud fetch status=approved failed: WECHAT_CLOUD_API_BASE is not configured
cloud fetch status=pending failed: WECHAT_CLOUD_API_BASE is not configured
cloud fetch status=partial_allocated failed: WECHAT_CLOUD_API_BASE is not configured
cloud fetch status=contracted failed: WECHAT_CLOUD_API_BASE is not configured
cloud fetch status=allocated failed: WECHAT_CLOUD_API_BASE is not configured
cloud fetch status=completed failed: WECHAT_CLOUD_API_BASE is not configured
cloud fetch status=cancelled failed: WECHAT_CLOUD_API_BASE is not configured
cloud fetch status=rejected failed: WECHAT_CLOUD_API_BASE is not configured
INFO:     connection closed
INFO:     ('127.0.0.1', 49625) - "WebSocket /api/v1/ws?token=eyJhbGciOiJIUzI1NiIsInR5cCI6IkpXVCJ9.eyJleHAiOjE3OTE2MjI3MDUsInN1YiI6ImFkbWluIiwibmFtZSI6Ilx1N2NmYlx1N2VkZlx1N2JhMVx1NzQwNlx1NTQ1OCIsInJvbGUiOiJBZG1pbiJ9.196_dtfVcBu8nOny9yw_yTIXWF_t6B_FdkGKdZESnFo" [accepted]
INFO:     connection open
cloud sync event failed: v8-outbox-wechat_batch_summary_sync-0b5513cf1a264c368b022c4085a8b072 WECHAT_CLOUD_API_BASE is not configured
cloud sync event failed: v8-outbox-wechat_batch_summary_sync-deac1fd26a584c309284ab6f1c2bbc01 WECHAT_CLOUD_API_BASE is not configured
cloud sync event failed: v8-outbox-wechat_batch_summary_sync-0e95c3aab78a46d79eae1b51b9794a63 WECHAT_CLOUD_API_BASE is not configured
cloud sync event failed: v8-outbox-wechat_batch_summary_sync-a45bf58bb47c4d2eafac7010a689b8e7 WECHAT_CLOUD_API_BASE is not configured
cloud sync event failed: v8-outbox-wechat_batch_summary_sync-0d72b0a0c0104578a8f0ca63a3b2c8c0 WECHAT_CLOUD_API_BASE is not configured
cloud sync event failed: v8-outbox-wechat_batch_summary_sync-6f936abd30764c84a4196c2fd130cc9a WECHAT_CLOUD_API_BASE is not configured
cloud sync event failed: v8-outbox-wechat_batch_summary_sync-1ac8485c5f1f4c1f994a47023b349cc5 WECHAT_CLOUD_API_BASE is not configured
cloud sync event failed: v8-outbox-wechat_batch_summary_sync-a1c70e7f76f645438852ca4ca4af5ffb WECHAT_CLOUD_API_BASE is not configured
cloud sync event failed: v8-outbox-wechat_batch_summary_sync-c3c75c937c0d467eb9b9d5e415dcfaaf WECHAT_CLOUD_API_BASE is not configured
cloud sync event failed: v8-outbox-wechat_batch_summary_sync-4efc4149e674440cb60ef831bbfebed4 WECHAT_CLOUD_API_BASE is not configured
INFO:     connection closed
INFO:     ('127.0.0.1', 57337) - "WebSocket /api/v1/ws?token=eyJhbGciOiJIUzI1NiIsInR5cCI6IkpXVCJ9.eyJleHAiOjE3OTE2MjI3MDUsInN1YiI6ImFkbWluIiwibmFtZSI6Ilx1N2NmYlx1N2VkZlx1N2JhMVx1NzQwNlx1NTQ1OCIsInJvbGUiOiJBZG1pbiJ9.196_dtfVcBu8nOny9yw_yTIXWF_t6B_FdkGKdZESnFo" [accepted]
INFO:     connection open
INFO:     connection closed
INFO:     connection closed
INFO:     ('127.0.0.1', 53968) - "WebSocket /api/v1/ws?token=eyJhbGciOiJIUzI1NiIsInR5cCI6IkpXVCJ9.eyJleHAiOjE3OTI3MzgyMjgsInN1YiI6ImFkbWluIiwibmFtZSI6Ilx1N2NmYlx1N2VkZlx1N2JhMVx1NzQwNlx1NTQ1OCIsInJvbGUiOiJBZG1pbiJ9.OgUxVPKlWT3YjDKmsoSwQRv1Q1RHXCljZgqzQHXdToA" [accepted]
INFO:     connection open
INFO:     ('127.0.0.1', 53969) - "WebSocket /api/v1/ws?token=eyJhbGciOiJIUzI1NiIsInR5cCI6IkpXVCJ9.eyJleHAiOjE3OTI3MzgxMjAsInN1YiI6ImFkbWluIiwibmFtZSI6Ilx1N2NmYlx1N2VkZlx1N2JhMVx1NzQwNlx1NTQ1OCIsInJvbGUiOiJBZG1pbiJ9.LEuw6bTEYiHfiUP07na6EWPeTFg7dvg98ZnH9V4ADz0" [accepted]
INFO:     connection open
cloud fetch status=pending failed: WECHAT_CLOUD_API_BASE is not configured
cloud fetch status=approved failed: WECHAT_CLOUD_API_BASE is not configured
cloud fetch status=contracted failed: WECHAT_CLOUD_API_BASE is not configured
cloud fetch status=partial_allocated failed: WECHAT_CLOUD_API_BASE is not configured
cloud fetch status=allocated failed: WECHAT_CLOUD_API_BASE is not configured
cloud fetch status=completed failed: WECHAT_CLOUD_API_BASE is not configured
cloud fetch status=cancelled failed: WECHAT_CLOUD_API_BASE is not configured
cloud fetch status=rejected failed: WECHAT_CLOUD_API_BASE is not configured
cloud sync event failed: v8-outbox-wechat_batch_summary_sync-c56fd797818449ee963c13ef63dd9e44 WECHAT_CLOUD_API_BASE is not configured
cloud sync event failed: v8-outbox-wechat_batch_summary_sync-9ef948fa045f40acbf0e4912b6b23aff WECHAT_CLOUD_API_BASE is not configured
cloud sync event failed: v8-outbox-wechat_batch_summary_sync-6c496a95305249179993bb63dbfdd031 WECHAT_CLOUD_API_BASE is not configured
cloud sync event failed: v8-outbox-wechat_batch_summary_sync-3d62021a6b4e4c428b2bcfb4a83f2dbd WECHAT_CLOUD_API_BASE is not configured
cloud sync event failed: v8-outbox-wechat_batch_summary_sync-e75ae53d1a4b46f781eae8f34fc19950 WECHAT_CLOUD_API_BASE is not configured
cloud sync event failed: v8-outbox-wechat_batch_summary_sync-42c877078ffa44c688d2db8d0d3b9a99 WECHAT_CLOUD_API_BASE is not configured
cloud sync event failed: v8-outbox-wechat_batch_summary_sync-60fb241901b14a17be225de8182b88bf WECHAT_CLOUD_API_BASE is not configured
cloud sync event failed: v8-outbox-wechat_batch_summary_sync-154b774b13e54551b41a573d60c04812 WECHAT_CLOUD_API_BASE is not configured
cloud sync event failed: v8-outbox-wechat_batch_summary_sync-5a42293a26094d7397718b2e72e7b3c9 WECHAT_CLOUD_API_BASE is not configured
cloud sync event failed: v8-outbox-wechat_batch_summary_sync-54f7f6be01d5497a8156afb0a56d7dee WECHAT_CLOUD_API_BASE is not configured
cloud sync event failed: v8-outbox-wechat_batch_summary_sync-336f6de3d0ef4c5b8db4910999445ffa WECHAT_CLOUD_API_BASE is not configured
cloud sync event failed: v8-outbox-wechat_batch_summary_sync-2ca79fcfa37849ddaeafd235ab7d34c8 WECHAT_CLOUD_API_BASE is not configured
cloud sync event failed: v8-outbox-wechat_batch_summary_sync-8bd7cdd42f534cb0b85d151f04775148 WECHAT_CLOUD_API_BASE is not configured
cloud sync event failed: v8-outbox-wechat_batch_summary_sync-3a763602b8b0483590ac9c323b823e35 WECHAT_CLOUD_API_BASE is not configured
cloud sync event failed: v8-outbox-wechat_batch_summary_sync-07cf1aff761a45d5a16627c2d09b04c3 WECHAT_CLOUD_API_BASE is not configured
cloud sync event failed: v8-outbox-wechat_batch_summary_sync-edd9264512954288a9f44573c76d2ea3 WECHAT_CLOUD_API_BASE is not configured
cloud sync event failed: v8-outbox-wechat_batch_summary_sync-c8dce93a664f4e0e9604c483a631d2de WECHAT_CLOUD_API_BASE is not configured
INFO:     connection closed
cloud sync event failed: v8-outbox-wechat_batch_summary_sync-0337518b49ff4cc6bde1f3c76c746bd2 WECHAT_CLOUD_API_BASE is not configured
INFO:     connection closed
INFO:     connection closed
INFO:     ('127.0.0.1', 62038) - "WebSocket /api/v1/ws?token=eyJhbGciOiJIUzI1NiIsInR5cCI6IkpXVCJ9.eyJleHAiOjE3OTI3MzgyMjgsInN1YiI6ImFkbWluIiwibmFtZSI6Ilx1N2NmYlx1N2VkZlx1N2JhMVx1NzQwNlx1NTQ1OCIsInJvbGUiOiJBZG1pbiJ9.OgUxVPKlWT3YjDKmsoSwQRv1Q1RHXCljZgqzQHXdToA" [accepted]
INFO:     connection open
INFO:     ('127.0.0.1', 64792) - "WebSocket /api/v1/ws?token=eyJhbGciOiJIUzI1NiIsInR5cCI6IkpXVCJ9.eyJleHAiOjE3OTE2MjI3MDUsInN1YiI6ImFkbWluIiwibmFtZSI6Ilx1N2NmYlx1N2VkZlx1N2JhMVx1NzQwNlx1NTQ1OCIsInJvbGUiOiJBZG1pbiJ9.196_dtfVcBu8nOny9yw_yTIXWF_t6B_FdkGKdZESnFo" [accepted]
INFO:     connection open
INFO:     ('127.0.0.1', 64487) - "WebSocket /api/v1/ws?token=eyJhbGciOiJIUzI1NiIsInR5cCI6IkpXVCJ9.eyJleHAiOjE3OTI3MzgxMjAsInN1YiI6ImFkbWluIiwibmFtZSI6Ilx1N2NmYlx1N2VkZlx1N2JhMVx1NzQwNlx1NTQ1OCIsInJvbGUiOiJBZG1pbiJ9.LEuw6bTEYiHfiUP07na6EWPeTFg7dvg98ZnH9V4ADz0" [accepted]
INFO:     connection open
cloud fetch status=pending failed: WECHAT_CLOUD_API_BASE is not configured
cloud fetch status=approved failed: WECHAT_CLOUD_API_BASE is not configured
cloud fetch status=contracted failed: WECHAT_CLOUD_API_BASE is not configured
cloud fetch status=partial_allocated failed: WECHAT_CLOUD_API_BASE is not configured
cloud fetch status=allocated failed: WECHAT_CLOUD_API_BASE is not configured
cloud fetch status=completed failed: WECHAT_CLOUD_API_BASE is not configured
cloud fetch status=rejected failed: WECHAT_CLOUD_API_BASE is not configured
cloud fetch status=cancelled failed: WECHAT_CLOUD_API_BASE is not configured
cloud fetch status=pending failed: WECHAT_CLOUD_API_BASE is not configured
cloud fetch status=approved failed: WECHAT_CLOUD_API_BASE is not configured
cloud fetch status=contracted failed: WECHAT_CLOUD_API_BASE is not configured
cloud fetch status=partial_allocated failed: WECHAT_CLOUD_API_BASE is not configured
cloud fetch status=allocated failed: WECHAT_CLOUD_API_BASE is not configured
cloud fetch status=completed failed: WECHAT_CLOUD_API_BASE is not configured
cloud fetch status=rejected failed: WECHAT_CLOUD_API_BASE is not configured
cloud fetch status=cancelled failed: WECHAT_CLOUD_API_BASE is not configured
cloud sync event failed: v8-outbox-wechat_batch_summary_sync-b56325ec8ffd4712bc2c664e42000dfb WECHAT_CLOUD_API_BASE is not configured
cloud sync event failed: v8-outbox-wechat_batch_summary_sync-41622cba91f1401cbbcfaae02123c989 WECHAT_CLOUD_API_BASE is not configured
cloud fetch status=pending failed: WECHAT_CLOUD_API_BASE is not configured
cloud fetch status=approved failed: WECHAT_CLOUD_API_BASE is not configured
cloud fetch status=contracted failed: WECHAT_CLOUD_API_BASE is not configured
cloud fetch status=partial_allocated failed: WECHAT_CLOUD_API_BASE is not configured
cloud fetch status=allocated failed: WECHAT_CLOUD_API_BASE is not configured
cloud fetch status=cancelled failed: WECHAT_CLOUD_API_BASE is not configured
cloud fetch status=completed failed: WECHAT_CLOUD_API_BASE is not configured
cloud fetch status=rejected failed: WECHAT_CLOUD_API_BASE is not configured
cloud sync event failed: v8-outbox-wechat_batch_summary_sync-737b3bb515a1447989e231da3e0d04f9 WECHAT_CLOUD_API_BASE is not configured
cloud sync event failed: v8-outbox-wechat_batch_summary_sync-01066ed95dfb4a49a4b54e45138a335b WECHAT_CLOUD_API_BASE is not configured
cloud sync event failed: v8-outbox-wechat_batch_summary_sync-44787567810643098a0ddb41787fd5bb WECHAT_CLOUD_API_BASE is not configured
cloud sync event failed: v8-outbox-wechat_batch_summary_sync-7058a1937e60466789f03dd84691bf61 WECHAT_CLOUD_API_BASE is not configured
cloud fetch status=pending failed: WECHAT_CLOUD_API_BASE is not configured
cloud fetch status=approved failed: WECHAT_CLOUD_API_BASE is not configured
cloud fetch status=contracted failed: WECHAT_CLOUD_API_BASE is not configured
cloud fetch status=partial_allocated failed: WECHAT_CLOUD_API_BASE is not configured
cloud fetch status=allocated failed: WECHAT_CLOUD_API_BASE is not configured
cloud fetch status=completed failed: WECHAT_CLOUD_API_BASE is not configured
cloud fetch status=rejected failed: WECHAT_CLOUD_API_BASE is not configured
cloud fetch status=cancelled failed: WECHAT_CLOUD_API_BASE is not configured
cloud sync event failed: v8-outbox-wechat_batch_summary_sync-0b5513cf1a264c368b022c4085a8b072 WECHAT_CLOUD_API_BASE is not configured
cloud sync event failed: v8-outbox-wechat_batch_summary_sync-deac1fd26a584c309284ab6f1c2bbc01 WECHAT_CLOUD_API_BASE is not configured
cloud sync event failed: v8-outbox-wechat_batch_summary_sync-460871d43ed54875a44718a29e7a2b80 WECHAT_CLOUD_API_BASE is not configured
cloud sync event failed: v8-outbox-wechat_batch_summary_sync-3f9b202626784ac2a2b19fc76b2b3078 WECHAT_CLOUD_API_BASE is not configured
cloud sync event failed: v8-outbox-wechat_batch_summary_sync-0d72b0a0c0104578a8f0ca63a3b2c8c0 WECHAT_CLOUD_API_BASE is not configured
cloud sync event failed: v8-outbox-wechat_batch_summary_sync-6f936abd30764c84a4196c2fd130cc9a WECHAT_CLOUD_API_BASE is not configured
cloud sync event failed: v8-outbox-wechat_batch_summary_sync-4efc4149e674440cb60ef831bbfebed4 WECHAT_CLOUD_API_BASE is not configured
cloud fetch status=pending failed: WECHAT_CLOUD_API_BASE is not configured
cloud fetch status=approved failed: WECHAT_CLOUD_API_BASE is not configured
cloud fetch status=contracted failed: WECHAT_CLOUD_API_BASE is not configured
cloud fetch status=partial_allocated failed: WECHAT_CLOUD_API_BASE is not configured
cloud fetch status=allocated failed: WECHAT_CLOUD_API_BASE is not configured
cloud fetch status=completed failed: WECHAT_CLOUD_API_BASE is not configured
cloud fetch status=rejected failed: WECHAT_CLOUD_API_BASE is not configured
cloud fetch status=cancelled failed: WECHAT_CLOUD_API_BASE is not configured
cloud fetch status=approved failed: WECHAT_CLOUD_API_BASE is not configured
cloud fetch status=pending failed: WECHAT_CLOUD_API_BASE is not configured
cloud fetch status=contracted failed: WECHAT_CLOUD_API_BASE is not configured
cloud fetch status=partial_allocated failed: WECHAT_CLOUD_API_BASE is not configured
cloud fetch status=allocated failed: WECHAT_CLOUD_API_BASE is not configured
cloud fetch status=completed failed: WECHAT_CLOUD_API_BASE is not configured
cloud fetch status=rejected failed: WECHAT_CLOUD_API_BASE is not configured
cloud fetch status=cancelled failed: WECHAT_CLOUD_API_BASE is not configured
cloud fetch status=pending failed: WECHAT_CLOUD_API_BASE is not configured
cloud fetch status=partial_allocated failed: WECHAT_CLOUD_API_BASE is not configured
cloud fetch status=approved failed: WECHAT_CLOUD_API_BASE is not configured
cloud fetch status=contracted failed: WECHAT_CLOUD_API_BASE is not configured
cloud fetch status=allocated failed: WECHAT_CLOUD_API_BASE is not configured
cloud fetch status=completed failed: WECHAT_CLOUD_API_BASE is not configured
cloud fetch status=cancelled failed: WECHAT_CLOUD_API_BASE is not configured
cloud fetch status=rejected failed: WECHAT_CLOUD_API_BASE is not configured
cloud sync event failed: v8-outbox-wechat_batch_summary_sync-ef49a6d5a6ad4064a7d6c73f3a09ef19 WECHAT_CLOUD_API_BASE is not configured
cloud sync event failed: v8-outbox-wechat_batch_summary_sync-07a3677848c148e8b57a8c98f5df20e4 WECHAT_CLOUD_API_BASE is not configured
cloud sync event failed: v8-outbox-wechat_batch_summary_sync-0f2c9d3625634f218c0fa0b18cd9ee66 WECHAT_CLOUD_API_BASE is not configured
cloud fetch status=pending failed: WECHAT_CLOUD_API_BASE is not configured
cloud fetch status=approved failed: WECHAT_CLOUD_API_BASE is not configured
cloud fetch status=contracted failed: WECHAT_CLOUD_API_BASE is not configured
cloud fetch status=partial_allocated failed: WECHAT_CLOUD_API_BASE is not configured
cloud fetch status=allocated failed: WECHAT_CLOUD_API_BASE is not configured
cloud fetch status=completed failed: WECHAT_CLOUD_API_BASE is not configured
cloud fetch status=rejected failed: WECHAT_CLOUD_API_BASE is not configured
cloud fetch status=cancelled failed: WECHAT_CLOUD_API_BASE is not configured
cloud fetch status=pending failed: WECHAT_CLOUD_API_BASE is not configured
cloud fetch status=approved failed: WECHAT_CLOUD_API_BASE is not configured
cloud fetch status=contracted failed: WECHAT_CLOUD_API_BASE is not configured
cloud fetch status=partial_allocated failed: WECHAT_CLOUD_API_BASE is not configured
cloud fetch status=allocated failed: WECHAT_CLOUD_API_BASE is not configured
cloud fetch status=completed failed: WECHAT_CLOUD_API_BASE is not configured
cloud fetch status=rejected failed: WECHAT_CLOUD_API_BASE is not configured
cloud fetch status=cancelled failed: WECHAT_CLOUD_API_BASE is not configured
cloud sync event failed: v8-outbox-wechat_batch_summary_sync-0e95c3aab78a46d79eae1b51b9794a63 WECHAT_CLOUD_API_BASE is not configured
cloud sync event failed: v8-outbox-wechat_batch_summary_sync-a45bf58bb47c4d2eafac7010a689b8e7 WECHAT_CLOUD_API_BASE is not configured
cloud sync event failed: v8-outbox-wechat_batch_summary_sync-1ac8485c5f1f4c1f994a47023b349cc5 WECHAT_CLOUD_API_BASE is not configured
cloud sync event failed: v8-outbox-wechat_batch_summary_sync-a1c70e7f76f645438852ca4ca4af5ffb WECHAT_CLOUD_API_BASE is not configured
cloud sync event failed: v8-outbox-wechat_batch_summary_sync-c3c75c937c0d467eb9b9d5e415dcfaaf WECHAT_CLOUD_API_BASE is not configured
cloud fetch status=pending failed: WECHAT_CLOUD_API_BASE is not configured
cloud fetch status=approved failed: WECHAT_CLOUD_API_BASE is not configured
cloud fetch status=contracted failed: WECHAT_CLOUD_API_BASE is not configured
cloud fetch status=partial_allocated failed: WECHAT_CLOUD_API_BASE is not configured
cloud fetch status=allocated failed: WECHAT_CLOUD_API_BASE is not configured
cloud fetch status=completed failed: WECHAT_CLOUD_API_BASE is not configured
cloud fetch status=rejected failed: WECHAT_CLOUD_API_BASE is not configured
cloud fetch status=cancelled failed: WECHAT_CLOUD_API_BASE is not configured
cloud sync event failed: v8-outbox-wechat_batch_summary_sync-c56fd797818449ee963c13ef63dd9e44 WECHAT_CLOUD_API_BASE is not configured
cloud sync event failed: v8-outbox-wechat_batch_summary_sync-9ef948fa045f40acbf0e4912b6b23aff WECHAT_CLOUD_API_BASE is not configured
cloud sync event failed: v8-outbox-wechat_batch_summary_sync-6c496a95305249179993bb63dbfdd031 WECHAT_CLOUD_API_BASE is not configured
cloud sync event failed: v8-outbox-wechat_batch_summary_sync-3d62021a6b4e4c428b2bcfb4a83f2dbd WECHAT_CLOUD_API_BASE is not configured
cloud sync event failed: v8-outbox-wechat_batch_summary_sync-e75ae53d1a4b46f781eae8f34fc19950 WECHAT_CLOUD_API_BASE is not configured
cloud sync event failed: v8-outbox-wechat_batch_summary_sync-42c877078ffa44c688d2db8d0d3b9a99 WECHAT_CLOUD_API_BASE is not configured
cloud sync event failed: v8-outbox-wechat_batch_summary_sync-60fb241901b14a17be225de8182b88bf WECHAT_CLOUD_API_BASE is not configured
cloud sync event failed: v8-outbox-wechat_batch_summary_sync-154b774b13e54551b41a573d60c04812 WECHAT_CLOUD_API_BASE is not configured
cloud sync event failed: v8-outbox-wechat_batch_summary_sync-5a42293a26094d7397718b2e72e7b3c9 WECHAT_CLOUD_API_BASE is not configured
cloud sync event failed: v8-outbox-wechat_batch_summary_sync-54f7f6be01d5497a8156afb0a56d7dee WECHAT_CLOUD_API_BASE is not configured
cloud sync event failed: v8-outbox-wechat_batch_summary_sync-336f6de3d0ef4c5b8db4910999445ffa WECHAT_CLOUD_API_BASE is not configured
cloud fetch status=pending failed: WECHAT_CLOUD_API_BASE is not configured
cloud fetch status=approved failed: WECHAT_CLOUD_API_BASE is not configured
cloud fetch status=contracted failed: WECHAT_CLOUD_API_BASE is not configured
cloud fetch status=partial_allocated failed: WECHAT_CLOUD_API_BASE is not configured
cloud fetch status=allocated failed: WECHAT_CLOUD_API_BASE is not configured
cloud fetch status=completed failed: WECHAT_CLOUD_API_BASE is not configured
cloud fetch status=rejected failed: WECHAT_CLOUD_API_BASE is not configured
cloud fetch status=cancelled failed: WECHAT_CLOUD_API_BASE is not configured
cloud sync event failed: v8-outbox-wechat_batch_summary_sync-2ca79fcfa37849ddaeafd235ab7d34c8 WECHAT_CLOUD_API_BASE is not configured
cloud sync event failed: v8-outbox-wechat_batch_summary_sync-8bd7cdd42f534cb0b85d151f04775148 WECHAT_CLOUD_API_BASE is not configured
cloud sync event failed: v8-outbox-wechat_batch_summary_sync-3a763602b8b0483590ac9c323b823e35 WECHAT_CLOUD_API_BASE is not configured
cloud sync event failed: v8-outbox-wechat_batch_summary_sync-07cf1aff761a45d5a16627c2d09b04c3 WECHAT_CLOUD_API_BASE is not configured
cloud sync event failed: v8-outbox-wechat_batch_summary_sync-edd9264512954288a9f44573c76d2ea3 WECHAT_CLOUD_API_BASE is not configured
cloud sync event failed: v8-outbox-wechat_batch_summary_sync-c8dce93a664f4e0e9604c483a631d2de WECHAT_CLOUD_API_BASE is not configured
cloud sync event failed: v8-outbox-wechat_batch_summary_sync-0337518b49ff4cc6bde1f3c76c746bd2 WECHAT_CLOUD_API_BASE is not configured
cloud fetch status=pending failed: WECHAT_CLOUD_API_BASE is not configured
cloud fetch status=contracted failed: WECHAT_CLOUD_API_BASE is not configured
cloud fetch status=approved failed: WECHAT_CLOUD_API_BASE is not configured
cloud fetch status=partial_allocated failed: WECHAT_CLOUD_API_BASE is not configured
cloud fetch status=allocated failed: WECHAT_CLOUD_API_BASE is not configured
cloud fetch status=completed failed: WECHAT_CLOUD_API_BASE is not configured
cloud fetch status=rejected failed: WECHAT_CLOUD_API_BASE is not configured
cloud fetch status=cancelled failed: WECHAT_CLOUD_API_BASE is not configured
cloud sync event failed: v8-outbox-wechat_batch_summary_sync-b56325ec8ffd4712bc2c664e42000dfb WECHAT_CLOUD_API_BASE is not configured
cloud sync event failed: v8-outbox-wechat_batch_summary_sync-41622cba91f1401cbbcfaae02123c989 WECHAT_CLOUD_API_BASE is not configured
cloud fetch status=pending failed: WECHAT_CLOUD_API_BASE is not configured
cloud fetch status=approved failed: WECHAT_CLOUD_API_BASE is not configured
cloud fetch status=contracted failed: WECHAT_CLOUD_API_BASE is not configured
cloud fetch status=partial_allocated failed: WECHAT_CLOUD_API_BASE is not configured
cloud fetch status=allocated failed: WECHAT_CLOUD_API_BASE is not configured
cloud fetch status=completed failed: WECHAT_CLOUD_API_BASE is not configured
cloud fetch status=rejected failed: WECHAT_CLOUD_API_BASE is not configured
cloud fetch status=cancelled failed: WECHAT_CLOUD_API_BASE is not configured
cloud sync event failed: v8-outbox-wechat_batch_summary_sync-737b3bb515a1447989e231da3e0d04f9 WECHAT_CLOUD_API_BASE is not configured
cloud sync event failed: v8-outbox-wechat_batch_summary_sync-01066ed95dfb4a49a4b54e45138a335b WECHAT_CLOUD_API_BASE is not configured
cloud sync event failed: v8-outbox-wechat_batch_summary_sync-44787567810643098a0ddb41787fd5bb WECHAT_CLOUD_API_BASE is not configured
cloud sync event failed: v8-outbox-wechat_batch_summary_sync-7058a1937e60466789f03dd84691bf61 WECHAT_CLOUD_API_BASE is not configured
cloud fetch status=pending failed: WECHAT_CLOUD_API_BASE is not configured
cloud fetch status=approved failed: WECHAT_CLOUD_API_BASE is not configured
cloud fetch status=contracted failed: WECHAT_CLOUD_API_BASE is not configured
cloud fetch status=partial_allocated failed: WECHAT_CLOUD_API_BASE is not configured
cloud fetch status=allocated failed: WECHAT_CLOUD_API_BASE is not configured
cloud fetch status=completed failed: WECHAT_CLOUD_API_BASE is not configured
cloud fetch status=rejected failed: WECHAT_CLOUD_API_BASE is not configured
cloud fetch status=cancelled failed: WECHAT_CLOUD_API_BASE is not configured
cloud sync event failed: v8-outbox-wechat_batch_summary_sync-0b5513cf1a264c368b022c4085a8b072 WECHAT_CLOUD_API_BASE is not configured
cloud sync event failed: v8-outbox-wechat_batch_summary_sync-deac1fd26a584c309284ab6f1c2bbc01 WECHAT_CLOUD_API_BASE is not configured
cloud sync event failed: v8-outbox-wechat_batch_summary_sync-460871d43ed54875a44718a29e7a2b80 WECHAT_CLOUD_API_BASE is not configured
cloud sync event failed: v8-outbox-wechat_batch_summary_sync-3f9b202626784ac2a2b19fc76b2b3078 WECHAT_CLOUD_API_BASE is not configured
cloud sync event failed: v8-outbox-wechat_batch_summary_sync-0d72b0a0c0104578a8f0ca63a3b2c8c0 WECHAT_CLOUD_API_BASE is not configured
cloud sync event failed: v8-outbox-wechat_batch_summary_sync-6f936abd30764c84a4196c2fd130cc9a WECHAT_CLOUD_API_BASE is not configured
cloud sync event failed: v8-outbox-wechat_batch_summary_sync-4efc4149e674440cb60ef831bbfebed4 WECHAT_CLOUD_API_BASE is not configured
cloud fetch status=pending failed: WECHAT_CLOUD_API_BASE is not configured
cloud fetch status=approved failed: WECHAT_CLOUD_API_BASE is not configured
cloud fetch status=contracted failed: WECHAT_CLOUD_API_BASE is not configured
cloud fetch status=partial_allocated failed: WECHAT_CLOUD_API_BASE is not configured
cloud fetch status=allocated failed: WECHAT_CLOUD_API_BASE is not configured
cloud fetch status=completed failed: WECHAT_CLOUD_API_BASE is not configured
cloud fetch status=rejected failed: WECHAT_CLOUD_API_BASE is not configured
cloud fetch status=cancelled failed: WECHAT_CLOUD_API_BASE is not configured
cloud fetch status=pending failed: WECHAT_CLOUD_API_BASE is not configured
cloud fetch status=approved failed: WECHAT_CLOUD_API_BASE is not configured
cloud fetch status=partial_allocated failed: WECHAT_CLOUD_API_BASE is not configured
cloud fetch status=contracted failed: WECHAT_CLOUD_API_BASE is not configured
cloud fetch status=allocated failed: WECHAT_CLOUD_API_BASE is not configured
cloud fetch status=completed failed: WECHAT_CLOUD_API_BASE is not configured
cloud fetch status=rejected failed: WECHAT_CLOUD_API_BASE is not configured
cloud fetch status=cancelled failed: WECHAT_CLOUD_API_BASE is not configured
cloud fetch status=pending failed: WECHAT_CLOUD_API_BASE is not configured
cloud fetch status=contracted failed: WECHAT_CLOUD_API_BASE is not configured
cloud fetch status=approved failed: WECHAT_CLOUD_API_BASE is not configured
cloud fetch status=partial_allocated failed: WECHAT_CLOUD_API_BASE is not configured
cloud fetch status=allocated failed: WECHAT_CLOUD_API_BASE is not configured
cloud fetch status=completed failed: WECHAT_CLOUD_API_BASE is not configured
cloud fetch status=rejected failed: WECHAT_CLOUD_API_BASE is not configured
cloud fetch status=cancelled failed: WECHAT_CLOUD_API_BASE is not configured
cloud sync event failed: v8-outbox-wechat_batch_summary_sync-ef49a6d5a6ad4064a7d6c73f3a09ef19 WECHAT_CLOUD_API_BASE is not configured
cloud sync event failed: v8-outbox-wechat_batch_summary_sync-07a3677848c148e8b57a8c98f5df20e4 WECHAT_CLOUD_API_BASE is not configured
cloud sync event failed: v8-outbox-wechat_batch_summary_sync-0f2c9d3625634f218c0fa0b18cd9ee66 WECHAT_CLOUD_API_BASE is not configured
cloud fetch status=pending failed: WECHAT_CLOUD_API_BASE is not configured
cloud fetch status=contracted failed: WECHAT_CLOUD_API_BASE is not configured
cloud fetch status=partial_allocated failed: WECHAT_CLOUD_API_BASE is not configured
cloud fetch status=approved failed: WECHAT_CLOUD_API_BASE is not configured
cloud fetch status=allocated failed: WECHAT_CLOUD_API_BASE is not configured
cloud fetch status=completed failed: WECHAT_CLOUD_API_BASE is not configured
cloud fetch status=rejected failed: WECHAT_CLOUD_API_BASE is not configured
cloud fetch status=cancelled failed: WECHAT_CLOUD_API_BASE is not configured
cloud fetch status=pending failed: WECHAT_CLOUD_API_BASE is not configured
cloud fetch status=approved failed: WECHAT_CLOUD_API_BASE is not configured
cloud fetch status=partial_allocated failed: WECHAT_CLOUD_API_BASE is not configured
cloud fetch status=contracted failed: WECHAT_CLOUD_API_BASE is not configured
cloud fetch status=allocated failed: WECHAT_CLOUD_API_BASE is not configured
cloud fetch status=completed failed: WECHAT_CLOUD_API_BASE is not configured
cloud fetch status=cancelled failed: WECHAT_CLOUD_API_BASE is not configured
cloud fetch status=rejected failed: WECHAT_CLOUD_API_BASE is not configured
cloud sync event failed: v8-outbox-wechat_batch_summary_sync-0e95c3aab78a46d79eae1b51b9794a63 WECHAT_CLOUD_API_BASE is not configured
cloud sync event failed: v8-outbox-wechat_batch_summary_sync-a45bf58bb47c4d2eafac7010a689b8e7 WECHAT_CLOUD_API_BASE is not configured
cloud sync event failed: v8-outbox-wechat_batch_summary_sync-1ac8485c5f1f4c1f994a47023b349cc5 WECHAT_CLOUD_API_BASE is not configured
cloud sync event failed: v8-outbox-wechat_batch_summary_sync-a1c70e7f76f645438852ca4ca4af5ffb WECHAT_CLOUD_API_BASE is not configured
cloud sync event failed: v8-outbox-wechat_batch_summary_sync-c3c75c937c0d467eb9b9d5e415dcfaaf WECHAT_CLOUD_API_BASE is not configured
cloud fetch status=pending failed: WECHAT_CLOUD_API_BASE is not configured
cloud fetch status=contracted failed: WECHAT_CLOUD_API_BASE is not configured
cloud fetch status=partial_allocated failed: WECHAT_CLOUD_API_BASE is not configured
cloud fetch status=approved failed: WECHAT_CLOUD_API_BASE is not configured
cloud fetch status=allocated failed: WECHAT_CLOUD_API_BASE is not configured
cloud fetch status=completed failed: WECHAT_CLOUD_API_BASE is not configured
cloud fetch status=rejected failed: WECHAT_CLOUD_API_BASE is not configured
cloud fetch status=cancelled failed: WECHAT_CLOUD_API_BASE is not configured
cloud sync event failed: v8-outbox-wechat_batch_summary_sync-c56fd797818449ee963c13ef63dd9e44 WECHAT_CLOUD_API_BASE is not configured
cloud sync event failed: v8-outbox-wechat_batch_summary_sync-9ef948fa045f40acbf0e4912b6b23aff WECHAT_CLOUD_API_BASE is not configured
cloud fetch status=pending failed: WECHAT_CLOUD_API_BASE is not configured
cloud fetch status=approved failed: WECHAT_CLOUD_API_BASE is not configured
cloud fetch status=contracted failed: WECHAT_CLOUD_API_BASE is not configured
cloud fetch status=partial_allocated failed: WECHAT_CLOUD_API_BASE is not configured
cloud fetch status=allocated failed: WECHAT_CLOUD_API_BASE is not configured
cloud fetch status=rejected failed: WECHAT_CLOUD_API_BASE is not configured
cloud fetch status=completed failed: WECHAT_CLOUD_API_BASE is not configured
cloud fetch status=cancelled failed: WECHAT_CLOUD_API_BASE is not configured
cloud sync event failed: v8-outbox-wechat_batch_summary_sync-6c496a95305249179993bb63dbfdd031 WECHAT_CLOUD_API_BASE is not configured
cloud sync event failed: v8-outbox-wechat_batch_summary_sync-3d62021a6b4e4c428b2bcfb4a83f2dbd WECHAT_CLOUD_API_BASE is not configured
cloud sync event failed: v8-outbox-wechat_batch_summary_sync-e75ae53d1a4b46f781eae8f34fc19950 WECHAT_CLOUD_API_BASE is not configured
cloud sync event failed: v8-outbox-wechat_batch_summary_sync-42c877078ffa44c688d2db8d0d3b9a99 WECHAT_CLOUD_API_BASE is not configured
cloud sync event failed: v8-outbox-wechat_batch_summary_sync-60fb241901b14a17be225de8182b88bf WECHAT_CLOUD_API_BASE is not configured
cloud sync event failed: v8-outbox-wechat_batch_summary_sync-154b774b13e54551b41a573d60c04812 WECHAT_CLOUD_API_BASE is not configured
cloud sync event failed: v8-outbox-wechat_batch_summary_sync-5a42293a26094d7397718b2e72e7b3c9 WECHAT_CLOUD_API_BASE is not configured
cloud sync event failed: v8-outbox-wechat_batch_summary_sync-54f7f6be01d5497a8156afb0a56d7dee WECHAT_CLOUD_API_BASE is not configured
cloud sync event failed: v8-outbox-wechat_batch_summary_sync-336f6de3d0ef4c5b8db4910999445ffa WECHAT_CLOUD_API_BASE is not configured
cloud sync event failed: v8-outbox-wechat_batch_summary_sync-2ca79fcfa37849ddaeafd235ab7d34c8 WECHAT_CLOUD_API_BASE is not configured
cloud sync event failed: v8-outbox-wechat_batch_summary_sync-8bd7cdd42f534cb0b85d151f04775148 WECHAT_CLOUD_API_BASE is not configured
cloud sync event failed: v8-outbox-wechat_batch_summary_sync-3a763602b8b0483590ac9c323b823e35 WECHAT_CLOUD_API_BASE is not configured
cloud sync event failed: v8-outbox-wechat_batch_summary_sync-07cf1aff761a45d5a16627c2d09b04c3 WECHAT_CLOUD_API_BASE is not configured
cloud sync event failed: v8-outbox-wechat_batch_summary_sync-edd9264512954288a9f44573c76d2ea3 WECHAT_CLOUD_API_BASE is not configured
cloud sync event failed: v8-outbox-wechat_batch_summary_sync-c8dce93a664f4e0e9604c483a631d2de WECHAT_CLOUD_API_BASE is not configured
cloud sync event failed: v8-outbox-wechat_batch_summary_sync-0337518b49ff4cc6bde1f3c76c746bd2 WECHAT_CLOUD_API_BASE is not configured
cloud fetch status=approved failed: WECHAT_CLOUD_API_BASE is not configured
cloud fetch status=pending failed: WECHAT_CLOUD_API_BASE is not configured
cloud fetch status=partial_allocated failed: WECHAT_CLOUD_API_BASE is not configured
cloud fetch status=contracted failed: WECHAT_CLOUD_API_BASE is not configured
cloud fetch status=allocated failed: WECHAT_CLOUD_API_BASE is not configured
cloud fetch status=completed failed: WECHAT_CLOUD_API_BASE is not configured
cloud fetch status=cancelled failed: WECHAT_CLOUD_API_BASE is not configured
cloud fetch status=rejected failed: WECHAT_CLOUD_API_BASE is not configured
cloud sync event failed: v8-outbox-wechat_batch_summary_sync-b56325ec8ffd4712bc2c664e42000dfb WECHAT_CLOUD_API_BASE is not configured
cloud sync event failed: v8-outbox-wechat_batch_summary_sync-41622cba91f1401cbbcfaae02123c989 WECHAT_CLOUD_API_BASE is not configured
cloud fetch status=pending failed: WECHAT_CLOUD_API_BASE is not configured
cloud fetch status=partial_allocated failed: WECHAT_CLOUD_API_BASE is not configured
cloud fetch status=approved failed: WECHAT_CLOUD_API_BASE is not configured
cloud fetch status=contracted failed: WECHAT_CLOUD_API_BASE is not configured
cloud fetch status=allocated failed: WECHAT_CLOUD_API_BASE is not configured
cloud fetch status=completed failed: WECHAT_CLOUD_API_BASE is not configured
cloud fetch status=rejected failed: WECHAT_CLOUD_API_BASE is not configured
cloud fetch status=cancelled failed: WECHAT_CLOUD_API_BASE is not configured
cloud sync event failed: v8-outbox-wechat_batch_summary_sync-737b3bb515a1447989e231da3e0d04f9 WECHAT_CLOUD_API_BASE is not configured
cloud sync event failed: v8-outbox-wechat_batch_summary_sync-01066ed95dfb4a49a4b54e45138a335b WECHAT_CLOUD_API_BASE is not configured
cloud sync event failed: v8-outbox-wechat_batch_summary_sync-44787567810643098a0ddb41787fd5bb WECHAT_CLOUD_API_BASE is not configured
cloud sync event failed: v8-outbox-wechat_batch_summary_sync-7058a1937e60466789f03dd84691bf61 WECHAT_CLOUD_API_BASE is not configured
cloud fetch status=pending failed: WECHAT_CLOUD_API_BASE is not configured
cloud fetch status=approved failed: WECHAT_CLOUD_API_BASE is not configured
cloud fetch status=contracted failed: WECHAT_CLOUD_API_BASE is not configured
cloud fetch status=partial_allocated failed: WECHAT_CLOUD_API_BASE is not configured
cloud fetch status=allocated failed: WECHAT_CLOUD_API_BASE is not configured
cloud fetch status=completed failed: WECHAT_CLOUD_API_BASE is not configured
cloud fetch status=rejected failed: WECHAT_CLOUD_API_BASE is not configured
cloud fetch status=cancelled failed: WECHAT_CLOUD_API_BASE is not configured
cloud sync event failed: v8-outbox-wechat_batch_summary_sync-0b5513cf1a264c368b022c4085a8b072 WECHAT_CLOUD_API_BASE is not configured
cloud sync event failed: v8-outbox-wechat_batch_summary_sync-deac1fd26a584c309284ab6f1c2bbc01 WECHAT_CLOUD_API_BASE is not configured
cloud sync event failed: v8-outbox-wechat_batch_summary_sync-460871d43ed54875a44718a29e7a2b80 WECHAT_CLOUD_API_BASE is not configured
cloud sync event failed: v8-outbox-wechat_batch_summary_sync-3f9b202626784ac2a2b19fc76b2b3078 WECHAT_CLOUD_API_BASE is not configured
cloud sync event failed: v8-outbox-wechat_batch_summary_sync-0d72b0a0c0104578a8f0ca63a3b2c8c0 WECHAT_CLOUD_API_BASE is not configured
cloud sync event failed: v8-outbox-wechat_batch_summary_sync-6f936abd30764c84a4196c2fd130cc9a WECHAT_CLOUD_API_BASE is not configured
cloud sync event failed: v8-outbox-wechat_batch_summary_sync-4efc4149e674440cb60ef831bbfebed4 WECHAT_CLOUD_API_BASE is not configured
cloud fetch status=pending failed: WECHAT_CLOUD_API_BASE is not configured
cloud fetch status=approved failed: WECHAT_CLOUD_API_BASE is not configured
cloud fetch status=contracted failed: WECHAT_CLOUD_API_BASE is not configured
cloud fetch status=partial_allocated failed: WECHAT_CLOUD_API_BASE is not configured
cloud fetch status=allocated failed: WECHAT_CLOUD_API_BASE is not configured
cloud fetch status=completed failed: WECHAT_CLOUD_API_BASE is not configured
cloud fetch status=rejected failed: WECHAT_CLOUD_API_BASE is not configured
cloud fetch status=cancelled failed: WECHAT_CLOUD_API_BASE is not configured
cloud fetch status=approved failed: WECHAT_CLOUD_API_BASE is not configured
cloud fetch status=pending failed: WECHAT_CLOUD_API_BASE is not configured
cloud fetch status=contracted failed: WECHAT_CLOUD_API_BASE is not configured
cloud fetch status=partial_allocated failed: WECHAT_CLOUD_API_BASE is not configured
cloud fetch status=allocated failed: WECHAT_CLOUD_API_BASE is not configured
cloud fetch status=rejected failed: WECHAT_CLOUD_API_BASE is not configured
cloud fetch status=completed failed: WECHAT_CLOUD_API_BASE is not configured
cloud fetch status=cancelled failed: WECHAT_CLOUD_API_BASE is not configured
cloud fetch status=approved failed: WECHAT_CLOUD_API_BASE is not configured
cloud fetch status=pending failed: WECHAT_CLOUD_API_BASE is not configured
cloud fetch status=partial_allocated failed: WECHAT_CLOUD_API_BASE is not configured
cloud fetch status=contracted failed: WECHAT_CLOUD_API_BASE is not configured
cloud fetch status=allocated failed: WECHAT_CLOUD_API_BASE is not configured
cloud fetch status=completed failed: WECHAT_CLOUD_API_BASE is not configured
cloud fetch status=rejected failed: WECHAT_CLOUD_API_BASE is not configured
cloud fetch status=cancelled failed: WECHAT_CLOUD_API_BASE is not configured
cloud sync event failed: v8-outbox-wechat_batch_summary_sync-ef49a6d5a6ad4064a7d6c73f3a09ef19 WECHAT_CLOUD_API_BASE is not configured
cloud sync event failed: v8-outbox-wechat_batch_summary_sync-07a3677848c148e8b57a8c98f5df20e4 WECHAT_CLOUD_API_BASE is not configured
cloud sync event failed: v8-outbox-wechat_batch_summary_sync-0f2c9d3625634f218c0fa0b18cd9ee66 WECHAT_CLOUD_API_BASE is not configured
cloud fetch status=pending failed: WECHAT_CLOUD_API_BASE is not configured
cloud fetch status=approved failed: WECHAT_CLOUD_API_BASE is not configured
cloud fetch status=partial_allocated failed: WECHAT_CLOUD_API_BASE is not configured
cloud fetch status=contracted failed: WECHAT_CLOUD_API_BASE is not configured
cloud fetch status=allocated failed: WECHAT_CLOUD_API_BASE is not configured
cloud fetch status=completed failed: WECHAT_CLOUD_API_BASE is not configured
cloud fetch status=cancelled failed: WECHAT_CLOUD_API_BASE is not configured
cloud fetch status=rejected failed: WECHAT_CLOUD_API_BASE is not configured
cloud fetch status=pending failed: WECHAT_CLOUD_API_BASE is not configured
cloud fetch status=approved failed: WECHAT_CLOUD_API_BASE is not configured
cloud fetch status=contracted failed: WECHAT_CLOUD_API_BASE is not configured
cloud fetch status=partial_allocated failed: WECHAT_CLOUD_API_BASE is not configured
cloud fetch status=allocated failed: WECHAT_CLOUD_API_BASE is not configured
cloud fetch status=completed failed: WECHAT_CLOUD_API_BASE is not configured
cloud fetch status=rejected failed: WECHAT_CLOUD_API_BASE is not configured
cloud fetch status=cancelled failed: WECHAT_CLOUD_API_BASE is not configured
cloud sync event failed: v8-outbox-wechat_batch_summary_sync-0e95c3aab78a46d79eae1b51b9794a63 WECHAT_CLOUD_API_BASE is not configured
cloud sync event failed: v8-outbox-wechat_batch_summary_sync-a45bf58bb47c4d2eafac7010a689b8e7 WECHAT_CLOUD_API_BASE is not configured
cloud sync event failed: v8-outbox-wechat_batch_summary_sync-1ac8485c5f1f4c1f994a47023b349cc5 WECHAT_CLOUD_API_BASE is not configured
cloud sync event failed: v8-outbox-wechat_batch_summary_sync-a1c70e7f76f645438852ca4ca4af5ffb WECHAT_CLOUD_API_BASE is not configured
cloud sync event failed: v8-outbox-wechat_batch_summary_sync-c3c75c937c0d467eb9b9d5e415dcfaaf WECHAT_CLOUD_API_BASE is not configured
cloud fetch status=pending failed: WECHAT_CLOUD_API_BASE is not configured
cloud fetch status=approved failed: WECHAT_CLOUD_API_BASE is not configured
cloud fetch status=contracted failed: WECHAT_CLOUD_API_BASE is not configured
cloud fetch status=partial_allocated failed: WECHAT_CLOUD_API_BASE is not configured
cloud fetch status=allocated failed: WECHAT_CLOUD_API_BASE is not configured
cloud fetch status=completed failed: WECHAT_CLOUD_API_BASE is not configured
cloud fetch status=rejected failed: WECHAT_CLOUD_API_BASE is not configured
cloud fetch status=cancelled failed: WECHAT_CLOUD_API_BASE is not configured
cloud sync event failed: v8-outbox-wechat_batch_summary_sync-c56fd797818449ee963c13ef63dd9e44 WECHAT_CLOUD_API_BASE is not configured
cloud sync event failed: v8-outbox-wechat_batch_summary_sync-9ef948fa045f40acbf0e4912b6b23aff WECHAT_CLOUD_API_BASE is not configured
cloud fetch status=pending failed: WECHAT_CLOUD_API_BASE is not configured
cloud fetch status=contracted failed: WECHAT_CLOUD_API_BASE is not configured
cloud fetch status=approved failed: WECHAT_CLOUD_API_BASE is not configured
cloud fetch status=partial_allocated failed: WECHAT_CLOUD_API_BASE is not configured
cloud fetch status=allocated failed: WECHAT_CLOUD_API_BASE is not configured
cloud fetch status=completed failed: WECHAT_CLOUD_API_BASE is not configured
cloud fetch status=rejected failed: WECHAT_CLOUD_API_BASE is not configured
cloud fetch status=cancelled failed: WECHAT_CLOUD_API_BASE is not configured
cloud sync event failed: v8-outbox-wechat_batch_summary_sync-6c496a95305249179993bb63dbfdd031 WECHAT_CLOUD_API_BASE is not configured
cloud sync event failed: v8-outbox-wechat_batch_summary_sync-3d62021a6b4e4c428b2bcfb4a83f2dbd WECHAT_CLOUD_API_BASE is not configured
cloud sync event failed: v8-outbox-wechat_batch_summary_sync-e75ae53d1a4b46f781eae8f34fc19950 WECHAT_CLOUD_API_BASE is not configured
cloud sync event failed: v8-outbox-wechat_batch_summary_sync-42c877078ffa44c688d2db8d0d3b9a99 WECHAT_CLOUD_API_BASE is not configured
cloud sync event failed: v8-outbox-wechat_batch_summary_sync-60fb241901b14a17be225de8182b88bf WECHAT_CLOUD_API_BASE is not configured
cloud sync event failed: v8-outbox-wechat_batch_summary_sync-154b774b13e54551b41a573d60c04812 WECHAT_CLOUD_API_BASE is not configured
cloud sync event failed: v8-outbox-wechat_batch_summary_sync-5a42293a26094d7397718b2e72e7b3c9 WECHAT_CLOUD_API_BASE is not configured
cloud sync event failed: v8-outbox-wechat_batch_summary_sync-54f7f6be01d5497a8156afb0a56d7dee WECHAT_CLOUD_API_BASE is not configured
cloud sync event failed: v8-outbox-wechat_batch_summary_sync-336f6de3d0ef4c5b8db4910999445ffa WECHAT_CLOUD_API_BASE is not configured
cloud sync event failed: v8-outbox-wechat_batch_summary_sync-2ca79fcfa37849ddaeafd235ab7d34c8 WECHAT_CLOUD_API_BASE is not configured
cloud sync event failed: v8-outbox-wechat_batch_summary_sync-8bd7cdd42f534cb0b85d151f04775148 WECHAT_CLOUD_API_BASE is not configured
cloud sync event failed: v8-outbox-wechat_batch_summary_sync-3a763602b8b0483590ac9c323b823e35 WECHAT_CLOUD_API_BASE is not configured
cloud sync event failed: v8-outbox-wechat_batch_summary_sync-07cf1aff761a45d5a16627c2d09b04c3 WECHAT_CLOUD_API_BASE is not configured
cloud sync event failed: v8-outbox-wechat_batch_summary_sync-edd9264512954288a9f44573c76d2ea3 WECHAT_CLOUD_API_BASE is not configured
cloud sync event failed: v8-outbox-wechat_batch_summary_sync-c8dce93a664f4e0e9604c483a631d2de WECHAT_CLOUD_API_BASE is not configured
cloud sync event failed: v8-outbox-wechat_batch_summary_sync-0337518b49ff4cc6bde1f3c76c746bd2 WECHAT_CLOUD_API_BASE is not configured
cloud fetch status=pending failed: WECHAT_CLOUD_API_BASE is not configured
cloud fetch status=approved failed: WECHAT_CLOUD_API_BASE is not configured
cloud fetch status=contracted failed: WECHAT_CLOUD_API_BASE is not configured
cloud fetch status=partial_allocated failed: WECHAT_CLOUD_API_BASE is not configured
cloud fetch status=allocated failed: WECHAT_CLOUD_API_BASE is not configured
cloud fetch status=completed failed: WECHAT_CLOUD_API_BASE is not configured
cloud fetch status=rejected failed: WECHAT_CLOUD_API_BASE is not configured
cloud fetch status=cancelled failed: WECHAT_CLOUD_API_BASE is not configured
cloud sync event failed: v8-outbox-wechat_batch_summary_sync-b56325ec8ffd4712bc2c664e42000dfb WECHAT_CLOUD_API_BASE is not configured
cloud sync event failed: v8-outbox-wechat_batch_summary_sync-41622cba91f1401cbbcfaae02123c989 WECHAT_CLOUD_API_BASE is not configured
cloud fetch status=pending failed: WECHAT_CLOUD_API_BASE is not configured
cloud fetch status=partial_allocated failed: WECHAT_CLOUD_API_BASE is not configured
cloud fetch status=approved failed: WECHAT_CLOUD_API_BASE is not configured
cloud fetch status=contracted failed: WECHAT_CLOUD_API_BASE is not configured
cloud fetch status=allocated failed: WECHAT_CLOUD_API_BASE is not configured
cloud fetch status=completed failed: WECHAT_CLOUD_API_BASE is not configured
cloud fetch status=rejected failed: WECHAT_CLOUD_API_BASE is not configured
cloud fetch status=cancelled failed: WECHAT_CLOUD_API_BASE is not configured
cloud sync event failed: v8-outbox-wechat_batch_summary_sync-737b3bb515a1447989e231da3e0d04f9 WECHAT_CLOUD_API_BASE is not configured
cloud sync event failed: v8-outbox-wechat_batch_summary_sync-01066ed95dfb4a49a4b54e45138a335b WECHAT_CLOUD_API_BASE is not configured
cloud sync event failed: v8-outbox-wechat_batch_summary_sync-44787567810643098a0ddb41787fd5bb WECHAT_CLOUD_API_BASE is not configured
cloud sync event failed: v8-outbox-wechat_batch_summary_sync-7058a1937e60466789f03dd84691bf61 WECHAT_CLOUD_API_BASE is not configured
cloud fetch status=pending failed: WECHAT_CLOUD_API_BASE is not configured
cloud fetch status=approved failed: WECHAT_CLOUD_API_BASE is not configured
cloud fetch status=contracted failed: WECHAT_CLOUD_API_BASE is not configured
cloud fetch status=partial_allocated failed: WECHAT_CLOUD_API_BASE is not configured
cloud fetch status=allocated failed: WECHAT_CLOUD_API_BASE is not configured
cloud fetch status=completed failed: WECHAT_CLOUD_API_BASE is not configured
cloud fetch status=rejected failed: WECHAT_CLOUD_API_BASE is not configured
cloud fetch status=cancelled failed: WECHAT_CLOUD_API_BASE is not configured
cloud sync event failed: v8-outbox-wechat_batch_summary_sync-0b5513cf1a264c368b022c4085a8b072 WECHAT_CLOUD_API_BASE is not configured
cloud sync event failed: v8-outbox-wechat_batch_summary_sync-deac1fd26a584c309284ab6f1c2bbc01 WECHAT_CLOUD_API_BASE is not configured
cloud sync event failed: v8-outbox-wechat_batch_summary_sync-460871d43ed54875a44718a29e7a2b80 WECHAT_CLOUD_API_BASE is not configured
cloud sync event failed: v8-outbox-wechat_batch_summary_sync-3f9b202626784ac2a2b19fc76b2b3078 WECHAT_CLOUD_API_BASE is not configured
cloud sync event failed: v8-outbox-wechat_batch_summary_sync-0d72b0a0c0104578a8f0ca63a3b2c8c0 WECHAT_CLOUD_API_BASE is not configured
cloud sync event failed: v8-outbox-wechat_batch_summary_sync-6f936abd30764c84a4196c2fd130cc9a WECHAT_CLOUD_API_BASE is not configured
cloud sync event failed: v8-outbox-wechat_batch_summary_sync-4efc4149e674440cb60ef831bbfebed4 WECHAT_CLOUD_API_BASE is not configured
cloud fetch status=pending failed: WECHAT_CLOUD_API_BASE is not configured
cloud fetch status=approved failed: WECHAT_CLOUD_API_BASE is not configured
cloud fetch status=partial_allocated failed: WECHAT_CLOUD_API_BASE is not configured
cloud fetch status=contracted failed: WECHAT_CLOUD_API_BASE is not configured
cloud fetch status=completed failed: WECHAT_CLOUD_API_BASE is not configured
cloud fetch status=allocated failed: WECHAT_CLOUD_API_BASE is not configured
cloud fetch status=rejected failed: WECHAT_CLOUD_API_BASE is not configured
cloud fetch status=cancelled failed: WECHAT_CLOUD_API_BASE is not configured
cloud fetch status=pending failed: WECHAT_CLOUD_API_BASE is not configured
cloud fetch status=approved failed: WECHAT_CLOUD_API_BASE is not configured
cloud fetch status=contracted failed: WECHAT_CLOUD_API_BASE is not configured
cloud fetch status=partial_allocated failed: WECHAT_CLOUD_API_BASE is not configured
cloud fetch status=allocated failed: WECHAT_CLOUD_API_BASE is not configured
cloud fetch status=cancelled failed: WECHAT_CLOUD_API_BASE is not configured
cloud fetch status=completed failed: WECHAT_CLOUD_API_BASE is not configured
cloud fetch status=rejected failed: WECHAT_CLOUD_API_BASE is not configured
cloud fetch status=pending failed: WECHAT_CLOUD_API_BASE is not configured
cloud fetch status=approved failed: WECHAT_CLOUD_API_BASE is not configured
cloud fetch status=partial_allocated failed: WECHAT_CLOUD_API_BASE is not configured
cloud fetch status=contracted failed: WECHAT_CLOUD_API_BASE is not configured
cloud fetch status=completed failed: WECHAT_CLOUD_API_BASE is not configured
cloud fetch status=allocated failed: WECHAT_CLOUD_API_BASE is not configured
cloud fetch status=rejected failed: WECHAT_CLOUD_API_BASE is not configured
cloud fetch status=cancelled failed: WECHAT_CLOUD_API_BASE is not configured
cloud sync event failed: v8-outbox-wechat_batch_summary_sync-ef49a6d5a6ad4064a7d6c73f3a09ef19 WECHAT_CLOUD_API_BASE is not configured
cloud sync event failed: v8-outbox-wechat_batch_summary_sync-07a3677848c148e8b57a8c98f5df20e4 WECHAT_CLOUD_API_BASE is not configured
cloud sync event failed: v8-outbox-wechat_batch_summary_sync-0f2c9d3625634f218c0fa0b18cd9ee66 WECHAT_CLOUD_API_BASE is not configured
cloud fetch status=pending failed: WECHAT_CLOUD_API_BASE is not configured
cloud fetch status=partial_allocated failed: WECHAT_CLOUD_API_BASE is not configured
cloud fetch status=contracted failed: WECHAT_CLOUD_API_BASE is not configured
cloud fetch status=approved failed: WECHAT_CLOUD_API_BASE is not configured
cloud fetch status=allocated failed: WECHAT_CLOUD_API_BASE is not configured
cloud fetch status=completed failed: WECHAT_CLOUD_API_BASE is not configured
cloud fetch status=cancelled failed: WECHAT_CLOUD_API_BASE is not configured
cloud fetch status=rejected failed: WECHAT_CLOUD_API_BASE is not configured
INFO:     connection closed
cloud fetch status=pending failed: WECHAT_CLOUD_API_BASE is not configured
cloud fetch status=approved failed: WECHAT_CLOUD_API_BASE is not configured
cloud fetch status=contracted failed: WECHAT_CLOUD_API_BASE is not configured
cloud fetch status=partial_allocated failed: WECHAT_CLOUD_API_BASE is not configured
cloud fetch status=allocated failed: WECHAT_CLOUD_API_BASE is not configured
cloud fetch status=completed failed: WECHAT_CLOUD_API_BASE is not configured
cloud fetch status=rejected failed: WECHAT_CLOUD_API_BASE is not configured
cloud fetch status=cancelled failed: WECHAT_CLOUD_API_BASE is not configured
